Delete from DomainHist where D_Name ='avicontravel.ie';
Delete from DomainHist where D_Name ='ezoption.ie';
Delete from DomainHist where D_Name ='ezoptions.ie';
Delete from DomainHist where D_Name ='homestart.ie';
Delete from DomainHist where D_Name ='isas.ie';
Delete from DomainHist where D_Name ='multy.ie';
Delete from DomainHist where D_Name ='offalyleader.ie';
Delete from DomainHist where D_Name ='revenuenews.ie';
Delete from DomainHist where D_Name ='accessorize.ie';
Delete from DomainHist where D_Name ='antnic.ie';
Delete from DomainHist where D_Name ='atlanticarchitects.ie';
Delete from DomainHist where D_Name ='changeyourbank.ie';
Delete from DomainHist where D_Name ='easyswitch.ie';
Delete from DomainHist where D_Name ='edi.ie';
Delete from DomainHist where D_Name ='etcl.ie';
Delete from DomainHist where D_Name ='millerg.ie';
Delete from DomainHist where D_Name ='olympiacapital.ie';
Delete from DomainHist where D_Name ='switchmyaccount.ie';
Delete from DomainHist where D_Name ='wewantyou.ie';
Delete from DomainHist where D_Name ='barrtribunal.ie';
Delete from DomainHist where D_Name ='bolandryan.ie';
Delete from DomainHist where D_Name ='carrollkinsella.ie';
Delete from DomainHist where D_Name ='forrestprint.ie';
Delete from DomainHist where D_Name ='dolmendirect.ie';
Delete from DomainHist where D_Name ='iifpmec.ie';
Delete from DomainHist where D_Name ='irelandinspires.ie';
Delete from DomainHist where D_Name ='revcom.ie';
Delete from DomainHist where D_Name ='independentsmerchants.ie';
Delete from DomainHist where D_Name ='littlebird.ie';
Delete from DomainHist where D_Name ='mgl.ie';
Delete from DomainHist where D_Name ='pdpar.ie';
Delete from DomainHist where D_Name ='rentokilpestcontrol.ie';
Delete from DomainHist where D_Name ='speko.ie';
Delete from DomainHist where D_Name ='herhofenvironmental.ie';
Delete from DomainHist where D_Name ='horseware.ie';
Delete from DomainHist where D_Name ='jackmurphyjewellers.ie';
Delete from DomainHist where D_Name ='lcac.ie';
Delete from DomainHist where D_Name ='myaffordablehome.ie';
Delete from DomainHist where D_Name ='orixireland.ie';
Delete from DomainHist where D_Name ='sherry-fitzgerald.ie';
Delete from DomainHist where D_Name ='shrewsburysquare.ie';
Delete from DomainHist where D_Name ='beourguest.ie';
Delete from DomainHist where D_Name ='edcointeractive.ie';
Delete from DomainHist where D_Name ='futureofluxury.ie';
Delete from DomainHist where D_Name ='slatteryaccts.ie';
Delete from DomainHist where D_Name ='adamsblackrock.ie';
Delete from DomainHist where D_Name ='affordablehomesp.ie';
Delete from DomainHist where D_Name ='affordablehomespartnership.ie';
Delete from DomainHist where D_Name ='affordablehouses.ie';
Delete from DomainHist where D_Name ='ahpartnership.ie';
Delete from DomainHist where D_Name ='macrental.ie';
Delete from DomainHist where D_Name ='munstermills.ie';
Delete from DomainHist where D_Name ='nll.ie';
Delete from DomainHist where D_Name ='vivasgroup.ie';
Delete from DomainHist where D_Name ='acini.ie';
Delete from DomainHist where D_Name ='astratravel.ie';
Delete from DomainHist where D_Name ='classicbuildingsolutions.ie';
Delete from DomainHist where D_Name ='cti-ireland.ie';
Delete from DomainHist where D_Name ='deroyal.ie';
Delete from DomainHist where D_Name ='marioff.ie';
Delete from DomainHist where D_Name ='meldons.ie';
Delete from DomainHist where D_Name ='s3group.ie';
Delete from DomainHist where D_Name ='zomax.ie';

Delete from DeleteListHist;

Insert into DeleteListHist values ('avicontravel.ie', CURDATE() - Interval 9 month, 'BATCH');
Insert into DeleteListHist values ('ezoption.ie', CURDATE() - Interval 9 month, 'BATCH');
Insert into DeleteListHist values ('ezoptions.ie', CURDATE() - Interval 9 month, 'BATCH');
Insert into DeleteListHist values ('homestart.ie', CURDATE() - Interval 9 month, 'BATCH');
Insert into DeleteListHist values ('isas.ie', CURDATE() - Interval 9 month, 'BATCH');
Insert into DeleteListHist values ('multy.ie', CURDATE() - Interval 9 month, 'BATCH');
Insert into DeleteListHist values ('offalyleader.ie', CURDATE() - Interval 9 month, 'BATCH');
Insert into DeleteListHist values ('revenuenews.ie', CURDATE() - Interval 9 month, 'BATCH');
Insert into DeleteListHist values ('accessorize.ie', CURDATE() - Interval 9 month, 'BATCH');
Insert into DeleteListHist values ('antnic.ie', CURDATE() - Interval 9 month, 'BATCH');
Insert into DeleteListHist values ('atlanticarchitects.ie', CURDATE() - Interval 9 month, 'BATCH');
Insert into DeleteListHist values ('changeyourbank.ie', CURDATE() - Interval 9 month, 'BATCH');
Insert into DeleteListHist values ('easyswitch.ie', CURDATE() - Interval 9 month, 'BATCH');
Insert into DeleteListHist values ('edi.ie', CURDATE() - Interval 9 month, 'BATCH');
Insert into DeleteListHist values ('etcl.ie', CURDATE() - Interval 9 month, 'BATCH');
Insert into DeleteListHist values ('millerg.ie', CURDATE() - Interval 9 month, 'BATCH');
Insert into DeleteListHist values ('olympiacapital.ie', CURDATE() - Interval 9 month, 'BATCH');
Insert into DeleteListHist values ('switchmyaccount.ie', CURDATE() - Interval 9 month, 'BATCH');
Insert into DeleteListHist values ('wewantyou.ie', CURDATE() - Interval 9 month, 'BATCH');
Insert into DeleteListHist values ('barrtribunal.ie', CURDATE() - Interval 8 month, 'BATCH');
Insert into DeleteListHist values ('bolandryan.ie', CURDATE() - Interval 8 month, 'BATCH');
Insert into DeleteListHist values ('carrollkinsella.ie', CURDATE() - Interval 8 month, 'BATCH');
Insert into DeleteListHist values ('forrestprint.ie', CURDATE() - Interval 8 month, 'BATCH');
Insert into DeleteListHist values ('dolmendirect.ie', CURDATE() - Interval 7 month, 'BATCH');
Insert into DeleteListHist values ('iifpmec.ie', CURDATE() - Interval 7 month, 'BATCH');
Insert into DeleteListHist values ('irelandinspires.ie', CURDATE() - Interval 7 month, 'BATCH');
Insert into DeleteListHist values ('revcom.ie', CURDATE() - Interval 7 month, 'BATCH');
Insert into DeleteListHist values ('independentsmerchants.ie', CURDATE() - Interval 6 month, 'BATCH');
Insert into DeleteListHist values ('littlebird.ie', CURDATE() - Interval 6 month, 'BATCH');
Insert into DeleteListHist values ('mgl.ie', CURDATE() - Interval 6 month, 'BATCH');
Insert into DeleteListHist values ('pdpar.ie', CURDATE() - Interval 6 month, 'BATCH');
Insert into DeleteListHist values ('rentokilpestcontrol.ie', CURDATE() - Interval 6 month, 'BATCH');
Insert into DeleteListHist values ('speko.ie', CURDATE() - Interval 6 month, 'BATCH');
Insert into DeleteListHist values ('herhofenvironmental.ie', CURDATE() - Interval 5 month, 'BATCH');
Insert into DeleteListHist values ('horseware.ie', CURDATE() - Interval 5 month, 'BATCH');
Insert into DeleteListHist values ('jackmurphyjewellers.ie', CURDATE() - Interval 5 month, 'BATCH');
Insert into DeleteListHist values ('lcac.ie', CURDATE() - Interval 5 month, 'BATCH');
Insert into DeleteListHist values ('myaffordablehome.ie', CURDATE() - Interval 5 month, 'BATCH');
Insert into DeleteListHist values ('orixireland.ie', CURDATE() - Interval 5 month, 'BATCH');
Insert into DeleteListHist values ('sherry-fitzgerald.ie', CURDATE() - Interval 5 month, 'BATCH');
Insert into DeleteListHist values ('shrewsburysquare.ie', CURDATE() - Interval 5 month, 'BATCH');
Insert into DeleteListHist values ('beourguest.ie', CURDATE() - Interval 4 month, 'BATCH');
Insert into DeleteListHist values ('edcointeractive.ie', CURDATE() - Interval 4 month, 'BATCH');
Insert into DeleteListHist values ('futureofluxury.ie', CURDATE() - Interval 4 month, 'BATCH');
Insert into DeleteListHist values ('slatteryaccts.ie', CURDATE() - Interval 4 month, 'BATCH');
Insert into DeleteListHist values ('adamsblackrock.ie', CURDATE() - Interval 4 month, 'BATCH');
Insert into DeleteListHist values ('affordablehomesp.ie', CURDATE(), 'BATCH');
Insert into DeleteListHist values ('affordablehomespartnership.ie', CURDATE(), 'BATCH');
Insert into DeleteListHist values ('affordablehouses.ie', CURDATE(), 'BATCH');
Insert into DeleteListHist values ('ahpartnership.ie', CURDATE(), 'BATCH');
Insert into DeleteListHist values ('macrental.ie', CURDATE(), 'BATCH');
Insert into DeleteListHist values ('munstermills.ie', CURDATE(), 'BATCH');
Insert into DeleteListHist values ('nll.ie', CURDATE(), 'BATCH');
Insert into DeleteListHist values ('vivasgroup.ie', CURDATE(), 'BATCH');
Insert into DeleteListHist values ('acini.ie', CURDATE(), 'BATCH');
Insert into DeleteListHist values ('astratravel.ie', CURDATE(), 'BATCH');
Insert into DeleteListHist values ('classicbuildingsolutions.ie', CURDATE(), 'BATCH');
Insert into DeleteListHist values ('cti-ireland.ie', CURDATE(), 'BATCH');
Insert into DeleteListHist values ('deroyal.ie', CURDATE(), 'BATCH');
Insert into DeleteListHist values ('marioff.ie', CURDATE(), 'BATCH');
Insert into DeleteListHist values ('meldons.ie', CURDATE(), 'BATCH');
Insert into DeleteListHist values ('s3group.ie', CURDATE(), 'BATCH');
Insert into DeleteListHist values ('zomax.ie', CURDATE(), 'BATCH');

Insert into InvoiceHist values ('INV44366', 'avicontravel.ie',  40509,  'ABC1-IEDR', '600', 'Avicon Consultancy Services Limited', 'N', '15.00', 'Y',  37952, 'N', 'InvoiceRun', LAST_DAY(CURDATE() - Interval 10 month), 'Invoice', '1','N','3.15','INV' );
Insert into InvoiceHist values ('INV44366', 'ezoption.ie',  40496,  'ABC1-IEDR', '600', 'EZ Option Holdings Ltd', 'N', '15.00', 'Y',  36844, 'N', 'InvoiceRun', LAST_DAY(CURDATE() - Interval 10 month), 'Invoice', '1','N','3.15','INV' );
Insert into InvoiceHist values ('INV44366', 'ezoptions.ie',  40492,  'ABC1-IEDR', '600', 'EZ Option Holdings Ltd', 'N', '15.00', 'Y',  36840, 'N', 'InvoiceRun', LAST_DAY(CURDATE() - Interval 10 month), 'Invoice', '1','N','3.15','INV' );
Insert into InvoiceHist values ('INV44366', 'homestart.ie',  40511,  'ABC1-IEDR', '600', 'Affordable Housing Partnership', 'N', '15.00', 'Y',  39415, 'N', 'InvoiceRun', LAST_DAY(CURDATE() - Interval 10 month), 'Invoice', '1','N','3.15','INV' );
Insert into InvoiceHist values ('INV44366', 'isas.ie',  40506,  'ABC1-IEDR', '600', 'Broecker GmbH', 'N', '15.00', 'Y',  35393, 'N', 'InvoiceRun', LAST_DAY(CURDATE() - Interval 10 month), 'Invoice', '1','N','3.15','INV' );
Insert into InvoiceHist values ('INV44366', 'multy.ie',  40489,  'ABC1-IEDR', '600', 'Multy Products Ltd.', 'N', '15.00', 'Y',  35376, 'N', 'InvoiceRun', LAST_DAY(CURDATE() - Interval 10 month), 'Invoice', '1','N','3.15','INV' );
Insert into InvoiceHist values ('INV44366', 'offalyleader.ie',  40490,  'ABC1-IEDR', '600', 'Offaly Leader 2 ltd (Body Corporate)', 'N', '15.00', 'Y',  36472, 'N', 'InvoiceRun', LAST_DAY(CURDATE() - Interval 10 month), 'Invoice', '1','N','3.15','INV' );
Insert into InvoiceHist values ('INV44366', 'revenuenews.ie',  40498,  'ABC1-IEDR', '600', 'Revenue Commissioners', 'N', '15.00', 'Y',  36846, 'N', 'InvoiceRun', LAST_DAY(CURDATE() - Interval 10 month), 'Invoice', '1','N','3.15','INV' );
Insert into InvoiceHist values ('INV44782', 'accessorize.ie',  40529,  'ABC1-IEDR', '600', 'Conran Properties Ltd', 'N', '15.00', 'Y',  36146, 'N', 'InvoiceRun', LAST_DAY(CURDATE() - Interval 10 month), 'Invoice', '1','N','3.15','INV' );
Insert into InvoiceHist values ('INV44782', 'antnic.ie',  40515,  'ABC1-IEDR', '600', 'Nicholas  Anthony Limited', 'N', '15.00', 'Y',  36132, 'N', 'InvoiceRun', LAST_DAY(CURDATE() - Interval 10 month), 'Invoice', '1','N','3.15','INV' );
Insert into InvoiceHist values ('INV44782', 'atlanticarchitects.ie',  40524,  'ABC1-IEDR', '600', 'Atlantic Architects Ltd', 'N', '15.00', 'Y',  37967, 'N', 'InvoiceRun', LAST_DAY(CURDATE() - Interval 10 month), 'Invoice', '1','N','3.15','INV' );
Insert into InvoiceHist values ('INV44782', 'changeyourbank.ie',  40520,  'ABC1-IEDR', '600', 'Bank of Scotland (Ireland)', 'N', '15.00', 'Y',  38329, 'N', 'InvoiceRun', LAST_DAY(CURDATE() - Interval 10 month), 'Invoice', '1','N','3.15','INV' );
Insert into InvoiceHist values ('INV44782', 'easyswitch.ie',  40520,  'ABC1-IEDR', '600', 'Bank of Scotland (Ireland)', 'N', '15.00', 'Y',  38329, 'N', 'InvoiceRun', LAST_DAY(CURDATE() - Interval 10 month), 'Invoice', '1','N','3.15','INV' );
Insert into InvoiceHist values ('INV44782', 'edi.ie',  40515,  'ABC1-IEDR', '600', 'EDI Factory Ltd', 'N', '15.00', 'Y',  35402, 'N', 'InvoiceRun', LAST_DAY(CURDATE() - Interval 10 month), 'Invoice', '1','N','3.15','INV' );
Insert into InvoiceHist values ('INV44782', 'etcl.ie',  40522,  'ABC1-IEDR', '600', 'Ergo Treasury Centre Limited', 'N', '15.00', 'Y',  37600, 'N', 'InvoiceRun', LAST_DAY(CURDATE() - Interval 10 month), 'Invoice', '1','N','3.15','INV' );
Insert into InvoiceHist values ('INV44782', 'millerg.ie',  40529,  'ABC1-IEDR', '600', 'Miller Group Ltd', 'N', '15.00', 'Y',  36511, 'N', 'InvoiceRun', LAST_DAY(CURDATE() - Interval 10 month), 'Invoice', '1','N','3.15','INV' );
Insert into InvoiceHist values ('INV44782', 'olympiacapital.ie',  40543,  'ABC1-IEDR', '600', 'Olympia Capital (Ireland) Ltd', 'N', '15.00', 'Y',  36046, 'N', 'InvoiceRun', LAST_DAY(CURDATE() - Interval 10 month), 'Invoice', '1','N','3.15','INV' );
Insert into InvoiceHist values ('INV44782', 'switchmyaccount.ie',  40520,  'ABC1-IEDR', '600', 'Bank of Scotland (Ireland)', 'N', '15.00', 'Y',  38329, 'N', 'InvoiceRun', LAST_DAY(CURDATE() - Interval 10 month), 'Invoice', '1','N','3.15','INV' );
Insert into InvoiceHist values ('INV44782', 'wewantyou.ie',  40520,  'ABC1-IEDR', '600', 'Bank of Scotland (Ireland)', 'N', '15.00', 'Y',  38329, 'N', 'InvoiceRun', LAST_DAY(CURDATE() - Interval 10 month), 'Invoice', '1','N','3.15','INV' );
Insert into InvoiceHist values ('INV45293', 'barrtribunal.ie',  40565,  'ABC1-IEDR', '600', 'Department of Justice  Equality and Law Reform', 'N', '15.00', 'Y',  37643, 'N', 'InvoiceRun', LAST_DAY(CURDATE() - Interval 9 month), 'Invoice', '1','N','3.15','INV' );
Insert into InvoiceHist values ('INV45293', 'bolandryan.ie',  40552,  'ABC1-IEDR', '600', 'Boland Ryan Limited', 'N', '15.00', 'Y',  37630, 'N', 'InvoiceRun', LAST_DAY(CURDATE() - Interval 9 month), 'Invoice', '1','N','3.15','INV' );
Insert into InvoiceHist values ('INV45293', 'carrollkinsella.ie',  40571,  'ABC1-IEDR', '600', 'Carroll & Kinsella Motors Ltd.', 'N', '15.00', 'Y',  36188, 'N', 'InvoiceRun', LAST_DAY(CURDATE() - Interval 9 month), 'Invoice', '1','N','3.15','INV' );
Insert into InvoiceHist values ('INV45293', 'forrestprint.ie',  40572,  'ABC1-IEDR', '600', 'Forrest Print & Stationary Ltd', 'N', '15.00', 'Y',  36920, 'N', 'InvoiceRun', LAST_DAY(CURDATE() - Interval 9 month), 'Invoice', '1','N','3.15','INV' );
Insert into InvoiceHist values ('INV45693', 'dolmendirect.ie',  40591,  'ABC1-IEDR', '600', 'Dolmen Direct Ltd', 'N', '15.00', 'Y',  36573, 'N', 'InvoiceRun', LAST_DAY(CURDATE() - Interval 8 month), 'Invoice', '1','N','3.15','INV' );
Insert into InvoiceHist values ('INV45693', 'iifpmec.ie',  40597,  'ABC1-IEDR', '600', 'IIF Process Mechanical and Electrical Contractors 108255', 'N', '15.00', 'Y',  36579, 'N', 'InvoiceRun', LAST_DAY(CURDATE() - Interval 8 month), 'Invoice', '1','N','3.15','INV' );
Insert into InvoiceHist values ('INV45693', 'irelandinspires.ie',  40601,  'ABC1-IEDR', '600', 'FAILTE IRELAND', 'N', '15.00', 'Y',  39140, 'N', 'InvoiceRun', LAST_DAY(CURDATE() - Interval 8 month), 'Invoice', '1','N','3.15','INV' );
Insert into InvoiceHist values ('INV45693', 'revcom.ie',  40579,  'ABC1-IEDR', '600', 'Revenue Comissioners', 'N', '15.00', 'Y',  35466, 'N', 'InvoiceRun', LAST_DAY(CURDATE() - Interval 8 month), 'Invoice', '1','N','3.15','INV' );
Insert into InvoiceHist values ('INV46228', 'independentsmerchants.ie',  40608,  'ABC1-IEDR', '600', 'Independent Merchants Ltd', 'N', '15.00', 'Y',  37321, 'N', 'InvoiceRun', LAST_DAY(CURDATE() - Interval 7 month), 'Invoice', '1','N','3.15','INV' );
Insert into InvoiceHist values ('INV46228', 'littlebird.ie',  40633,  'ABC1-IEDR', '600', 'Little bird Television Ltd.', 'N', '15.00', 'Y',  36546, 'N', 'InvoiceRun', LAST_DAY(CURDATE() - Interval 7 month), 'Invoice', '1','N','3.15','INV' );
Insert into InvoiceHist values ('INV46228', 'mgl.ie',  40607,  'ABC1-IEDR', '600', 'Miller Group Limited', 'N', '15.00', 'Y',  36224, 'N', 'InvoiceRun', LAST_DAY(CURDATE() - Interval 7 month), 'Invoice', '1','N','3.15','INV' );
Insert into InvoiceHist values ('INV46228', 'pdpar.ie',  40624,  'ABC1-IEDR', '600', 'PROJECT DELIVERY PARTNERS LIMITED', 'N', '15.00', 'Y',  36607, 'N', 'InvoiceRun', LAST_DAY(CURDATE() - Interval 7 month), 'Invoice', '1','N','3.15','INV' );
Insert into InvoiceHist values ('INV46228', 'rentokilpestcontrol.ie',  40603,  'ABC1-IEDR', '600', 'Rentokil Initial Ltd', 'N', '15.00', 'Y',  38777, 'N', 'InvoiceRun', LAST_DAY(CURDATE() - Interval 7 month), 'Invoice', '1','N','3.15','INV' );
Insert into InvoiceHist values ('INV46228', 'speko.ie',  40610,  'ABC1-IEDR', '600', 'Speko Distributors', 'N', '15.00', 'Y',  36958, 'N', 'InvoiceRun', LAST_DAY(CURDATE() - Interval 7 month), 'Invoice', '1','N','3.15','INV' );
Insert into InvoiceHist values ('INV46747', 'herhofenvironmental.ie',  40659,  'ABC1-IEDR', '600', 'Herhof Environmental Ltd', 'N', '15.00', 'Y',  37372, 'N', 'InvoiceRun', LAST_DAY(CURDATE() - Interval 6 month), 'Invoice', '1','N','3.15','INV' );
Insert into InvoiceHist values ('INV46747', 'horseware.ie',  40644,  'ABC1-IEDR', '600', 'Horseware Products Ltd', 'N', '15.00', 'Y',  36627, 'N', 'InvoiceRun', LAST_DAY(CURDATE() - Interval 6 month), 'Invoice', '1','N','3.15','INV' );
Insert into InvoiceHist values ('INV46747', 'jackmurphyjewellers.ie',  40654,  'ABC1-IEDR', '600', 'Jack Murphy Jewellers (LTD)', 'N', '15.00', 'Y',  35906, 'N', 'InvoiceRun', LAST_DAY(CURDATE() - Interval 6 month), 'Invoice', '1','N','3.15','INV' );
Insert into InvoiceHist values ('INV46747', 'lcac.ie',  40659,  'ABC1-IEDR', '600', 'Learning Centre for Autistic Children Ltd', 'N', '15.00', 'Y',  37372, 'N', 'InvoiceRun', LAST_DAY(CURDATE() - Interval 6 month), 'Invoice', '1','N','3.15','INV' );
Insert into InvoiceHist values ('INV46747', 'myaffordablehome.ie',  40645,  'ABC1-IEDR', '600', 'Affordable Housing Partnership', 'N', '15.00', 'Y',  38819, 'N', 'InvoiceRun', LAST_DAY(CURDATE() - Interval 6 month), 'Invoice', '1','N','3.15','INV' );
Insert into InvoiceHist values ('INV46747', 'orixireland.ie',  40651,  'ABC1-IEDR', '600', 'Orix Ireland Ltd', 'N', '15.00', 'Y',  37364, 'N', 'InvoiceRun', LAST_DAY(CURDATE() - Interval 6 month), 'Invoice', '1','N','3.15','INV' );
Insert into InvoiceHist values ('INV46747', 'sherry-fitzgerald.ie',  40637,  'ABC1-IEDR', '600', 'Sherry Fitzgerald (limited company)', 'N', '15.00', 'Y',  35524, 'N', 'InvoiceRun', LAST_DAY(CURDATE() - Interval 6 month), 'Invoice', '1','N','3.15','INV' );
Insert into InvoiceHist values ('INV46747', 'shrewsburysquare.ie',  40637,  'ABC1-IEDR', '600', 'Douglas Newman Good Ltd', 'N', '15.00', 'Y',  39542, 'N', 'InvoiceRun', LAST_DAY(CURDATE() - Interval 6 month), 'Invoice', '1','N','3.15','INV' );
Insert into InvoiceHist values ('INV47190', 'beourguest.ie',  40688,  'ABC1-IEDR', '600', 'beourguest (LTD)', 'N', '15.00', 'Y',  35940, 'N', 'InvoiceRun', LAST_DAY(CURDATE() - Interval 5 month), 'Invoice', '1','N','3.15','INV' );
Insert into InvoiceHist values ('INV47190', 'edcointeractive.ie',  40689,  'ABC1-IEDR', '600', 'Smurfit Services Ireland', 'N', '15.00', 'Y',  36672, 'N', 'InvoiceRun', LAST_DAY(CURDATE() - Interval 5 month), 'Invoice', '1','N','3.15','INV' );
Insert into InvoiceHist values ('INV47190', 'futureofluxury.ie',  40684,  'ABC1-IEDR', '600', 'Lexus Ireland Ltd', 'N', '15.00', 'Y',  39223, 'N', 'InvoiceRun', LAST_DAY(CURDATE() - Interval 5 month), 'Invoice', '1','N','3.15','INV' );
Insert into InvoiceHist values ('INV47190', 'slatteryaccts.ie',  40675,  'ABC1-IEDR', '600', 'Slattery & Co Accountants (LTD)', 'N', '15.00', 'Y',  35927, 'N', 'InvoiceRun', LAST_DAY(CURDATE() - Interval 5 month), 'Invoice', '1','N','3.15','INV' );
Insert into InvoiceHist values ('INV48100', 'adamsblackrock.ie',  40741,  'ABC1-IEDR', '600', 'Nosnor Company Ltd', 'N', '15.00', 'Y',  36908, 'N', 'InvoiceRun', LAST_DAY(CURDATE() - Interval 5 month), 'Invoice', '1','N','3.15','INV' );
Insert into InvoiceHist values ('INV48525', 'affordablehomesp.ie',  40781,  'ABC1-IEDR', '600', 'Affordable Housing Partnership', 'N', '15.00', 'Y',  38590, 'N', 'InvoiceRun', LAST_DAY(CURDATE()), 'Invoice', '1','N','3.15','INV' );
Insert into InvoiceHist values ('INV48525', 'affordablehomespartnership.ie',  40774,  'ABC1-IEDR', '600', 'Affordable Housing Partnership', 'N', '15.00', 'Y',  38583, 'N', 'InvoiceRun', LAST_DAY(CURDATE()), 'Invoice', '1','N','3.15','INV' );
Insert into InvoiceHist values ('INV48525', 'affordablehouses.ie',  40778,  'ABC1-IEDR', '600', 'Affordable Housing Partnership', 'N', '15.00', 'Y',  38587, 'N', 'InvoiceRun', LAST_DAY(CURDATE()), 'Invoice', '1','N','3.15','INV' );
Insert into InvoiceHist values ('INV48525', 'ahpartnership.ie',  40779,  'ABC1-IEDR', '600', 'Affordable Housing Partnership', 'N', '15.00', 'Y',  38588, 'N', 'InvoiceRun', LAST_DAY(CURDATE()), 'Invoice', '1','N','3.15','INV' );
Insert into InvoiceHist values ('INV48525', 'macrental.ie',  40783,  'ABC1-IEDR', '600', 'Macrental Ltd', 'N', '15.00', 'Y',  37131, 'N', 'InvoiceRun', LAST_DAY(CURDATE()), 'Invoice', '1','N','3.15','INV' );
Insert into InvoiceHist values ('INV48525', 'munstermills.ie',  40775,  'ABC1-IEDR', '600', 'Munster Mills Limited', 'N', '15.00', 'Y',  39680, 'N', 'InvoiceRun', LAST_DAY(CURDATE()), 'Invoice', '1','N','3.15','INV' );
Insert into InvoiceHist values ('INV48525', 'nll.ie',  40759,  'ABC1-IEDR', '600', 'Norman Lauder Ltd', 'N', '15.00', 'Y',  36011, 'N', 'InvoiceRun', LAST_DAY(CURDATE()), 'Invoice', '1','N','3.15','INV' );
Insert into InvoiceHist values ('INV48525', 'vivasgroup.ie',  40769,  'ABC1-IEDR', '600', 'Vivas Group Ltd', 'N', '15.00', 'Y',  39308, 'N', 'InvoiceRun', LAST_DAY(CURDATE()), 'Invoice', '1','N','3.15','INV' );
Insert into InvoiceHist values ('INV49072', 'acini.ie',  40807,  'ABC1-IEDR', '600', 'KPMG', 'N', '15.00', 'Y',  38616, 'N', 'InvoiceRun', LAST_DAY(CURDATE()), 'Invoice', '1','N','3.15','INV' );
Insert into InvoiceHist values ('INV49072', 'astratravel.ie',  40798,  'ABC1-IEDR', '600', 'astra travel ltd', 'N', '15.00', 'Y',  36781, 'N', 'InvoiceRun', LAST_DAY(CURDATE()), 'Invoice', '1','N','3.15','INV' );
Insert into InvoiceHist values ('INV49072', 'classicbuildingsolutions.ie',  40798,  'ABC1-IEDR', '600', 'Classic Building Solutions Ltd', 'N', '15.00', 'Y',  37146, 'N', 'InvoiceRun', LAST_DAY(CURDATE()), 'Invoice', '1','N','3.15','INV' );
Insert into InvoiceHist values ('INV49072', 'cti-ireland.ie',  40811,  'ABC1-IEDR', '600', 'Career Transitions International Limited', 'N', '15.00', 'Y',  37524, 'N', 'InvoiceRun', LAST_DAY(CURDATE()), 'Invoice', '1','N','3.15','INV' );
Insert into InvoiceHist values ('INV49072', 'deroyal.ie',  40797,  'ABC1-IEDR', '600', 'DeRoyal Europe Ltd.', 'N', '15.00', 'Y',  35319, 'N', 'InvoiceRun', LAST_DAY(CURDATE()), 'Invoice', '1','N','3.15','INV' );
Insert into InvoiceHist values ('INV49072', 'marioff.ie',  40788,  'ABC1-IEDR', '600', 'MARIOFF LTD', 'N', '15.00', 'Y',  39693, 'N', 'InvoiceRun', LAST_DAY(CURDATE()), 'Invoice', '1','N','3.15','INV' );
Insert into InvoiceHist values ('INV49072', 'meldons.ie',  40815,  'ABC1-IEDR', '600', 'Meldon & Sons', 'N', '15.00', 'Y',  36067, 'N', 'InvoiceRun', LAST_DAY(CURDATE()), 'Invoice', '1','N','3.15','INV' );
Insert into InvoiceHist values ('INV49072', 's3group.ie',  40788,  'ABC1-IEDR', '600', 'S3 Holdings Ltd', 'N', '15.00', 'Y',  36040, 'N', 'InvoiceRun', LAST_DAY(CURDATE()), 'Invoice', '1','N','3.15','INV' );
Insert into InvoiceHist values ('INV49072', 'zomax.ie',  40809,  'ABC1-IEDR', '600', 'Zomax Ltd', 'N', '15.00', 'Y',  36426, 'N', 'InvoiceRun', LAST_DAY(CURDATE()), 'Invoice', '1','N','3.15','INV' );

INSERT INTO `DomainHist` VALUES ('accessorize.ie','Conran Properties Ltd','Body Corporate (Ltd,PLC,Company)','',00000600,'Active','2002-09-07','1998-12-17','2003-12-17','2002-11-15 10:07:30','Y','Y','Y','bill-c (IEUNET-NOC) superseded 20011211%tc (IEUNET-NOC) superseded 20020207%zc (IEUNET-NOC) superseded 20020207','MERGE','2002-12-11 14:14:09','N'),('antnic.ie','Nicholas, Anthony Limited','Body Corporate (Ltd,PLC,Company)','',00000600,'Active','2002-09-07','1998-12-03','2003-12-03','2002-11-15 10:07:43','Y','Y','Y','bill-c (IEUNET-NOC) superseded 20011211%tc (IEUNET-NOC) superseded 20020207%zc (IEUNET-NOC) superseded 20020207%ac (Colin Hadden) superseded 20020211','MERGE','2002-12-11 14:14:12','N'),('carrollkinsella.ie','Carroll & Kinsella Motors Ltd.','Body Corporate (Ltd,PLC,Company)','',00000600,'Active','2002-09-07','1999-01-28','2003-01-28','2002-11-15 10:08:14','Y','Y','Y','bill-c (IEUNET-NOC) superseded 20011211%tc (IEUNET-NOC) superseded 20020207%zc (IEUNET-NOC) superseded 20020207','MERGE','2002-12-11 14:14:20','N'),('dolmendirect.ie','Dolmen Direct Ltd','Body Corporate (Ltd,PLC,Company)','',00000600,'Active','2002-09-07','2000-02-17','2003-02-17','2002-11-13 13:09:54','Y','Y','Y','CRO: 320151bill-c (IEUNET-NOC) superseded 20011211%tc (IEUNET-NOC) superseded 20020207%zc (IEUNET-NOC) superseded 20020207%ac (Fergal McAleavey) superseded 20020212','MERGE','2002-12-11 14:14:34','N'),('etcl.ie','Ergo Treasury Centre Limited','BODY CORPORATE (LTD,PLC,COMPANY)','Corporate Name',00000600,'Active','2002-12-10','2002-12-10','2003-12-10','2002-12-10 16:43:10','N','Y','Y','COI Number - 278763','MERGE','2002-12-11 14:14:36','N'),('edi.ie','EDI Factory Ltd','Body Corporate (Ltd,PLC,Company)','',00000600,'Active','2002-09-07','1996-12-03','2003-12-03','2002-11-15 10:08:46','Y','Y','Y','Merged from 1 instances%bill-c (IEUNET-NOC) superseded 20011211%tc (IEUNET-NOC) superseded 20020207%zc (IEUNET-NOC) superseded 20020207%ac (Mr. Fergal Ryan) superseded 20020211','MERGE','2002-12-11 14:14:37','N'),('ezoption.ie','EZ Option Holdings Ltd','Body Corporate (Ltd,PLC,Company)','Corporate Name',00000600,'Active','2002-09-07','2000-11-14','2003-11-14','2002-11-13 13:10:01','Y','Y','Y','Body Corporate 329566%Corporate Namebill-c (IEUNET-NOC) superseded 20011211%tc (IEUNET-NOC) superseded 20020207%zc (IEUNET-NOC) superseded 20020207%ac (Seamus McGrath) superseded 20020226%ac (Seamus McGrath (by name)) superseded 20020226','MERGE','2002-12-11 14:14:41','N'),('ezoptions.ie','EZ Option Holdings Ltd','Body Corporate (Ltd,PLC,Company)','Corporate Name',00000600,'Active','2002-09-07','2000-11-10','2003-11-10','2002-11-13 13:10:01','Y','Y','Y','Body Corporate cro 329566%Corporate Namebill-c (IEUNET-NOC) superseded 20011211%tc (IEUNET-NOC) superseded 20020207%zc (IEUNET-NOC) superseded 20020207%ac (Seamus McGrath) superseded 20020226%ac (Seamus McGrath (by name)) superseded 20020226','MERGE','2002-12-11 14:14:41','N'),('forrestprint.ie','Forrest Print & Stationary Ltd','Body Corporate (Ltd,PLC,Company)','',00000600,'Active','2002-09-07','2001-01-29','2003-01-29','2002-11-13 13:10:04','Y','Y','Y','Body Corporate (63993)bill-c (IEUNET-NOC) superseded 20011211%tc (IEUNET-NOC) superseded 20020207%zc (IEUNET-NOC) superseded 20020207','MERGE','2002-12-11 14:14:45','N'),('iifpmec.ie','IIF Process Mechanical and Electrical Contractors 108255','---','',00000600,'Active','2002-09-07','2000-02-23','2003-02-23','2009-04-14 12:41:20','Y','Y','Y','bill-c (IEUNET-NOC) superseded 20011211%tc (IEUNET-NOC) superseded 20020207%zc (IEUNET-NOC) superseded 20020207%ac (John Burke) superseded 20020226%ac (John Burke (by name)) superseded 20020226','MERGE','2002-12-11 14:15:03','N'),('independentsmerchants.ie','Independent Merchants Ltd','Body Corporate (Ltd,PLC,Company)','Corporate Name',00000600,'Active','2002-09-07','2002-03-06','2003-03-06','2002-11-13 13:10:14','Y','Y','Y','Body Corporate%Corporate Name CRO: 346914BC (IEUNET-NOC) superseded 20020307','MERGE','2002-12-11 14:15:04','N'),('isas.ie','Broecker GmbH','Body Corporate (Ltd,PLC,Company)','',00000600,'Active','2002-09-07','1996-11-24','2003-11-24','2002-11-15 10:09:28','Y','Y','Y','Merged from 1 instances%bill-c (IEUNET-NOC) superseded 20011211%tc (IEUNET-NOC) superseded 20020207%zc (ZC-MISSING) superseded 20020213','MERGE','2002-12-11 14:15:10','N'),('littlebird.ie','Littlebird (Film Productions)','---','',00000600,'Active','2002-09-07','2000-01-21','2003-03-31','2009-04-14 12:41:20','Y','Y','Y','bill-c (Ken Tormey) superseded 20011211%tc (Indigo NOC) superseded 20020207%zc (Indigo NOC) superseded 20020207%ac (Roisin O\'Neill) superseded 20020226%ac (Roisin O\'Neill (by name)) superseded 20020226%ac (Karen O Malley) superseded 20020328%BC (IE5-IEDR)','MERGE','2002-12-11 14:15:22','N'),('mgl.ie','Miller Group Limited','Body Corporate (Ltd,PLC,Company)','',00000600,'Active','2002-09-07','1999-03-05','2003-03-05','2002-11-15 10:09:56','Y','Y','Y','bill-c (IEUNET-NOC) superseded 20011211%tc (IEUNET-NOC) superseded 20020207%zc (IEUNET-NOC) superseded 20020207','MERGE','2002-12-11 14:15:29','N'),('millerg.ie','Miller Group Ltd','Body Corporate (Ltd,PLC,Company)','',00000600,'Active','2002-09-07','1999-12-17','2003-12-17','2002-11-15 10:09:57','Y','Y','Y','bill-c (IEUNET-NOC) superseded 20011211%tc (IEUNET-NOC) superseded 20020207%zc (IEUNET-NOC) superseded 20020207%ac (Ronan O\'Daly) superseded 20020219','MERGE','2002-12-11 14:15:30','N'),('multy.ie','Multy Products Ltd.','Body Corporate (Ltd,PLC,Company)','',00000600,'Active','2002-09-07','1996-11-07','2003-11-07','2002-11-15 10:10:02','Y','Y','Y','Merged from 1 instances%bill-c (IEUNET-NOC) superseded 20011211%tc (IEUNET-NOC) superseded 20020207%zc (ZC-MISSING) superseded 20020213%ac (Mr. Gerry Reid) superseded 20020226%ac (Mr. Gerry Reid (by name)) superseded 20020226','MERGE','2002-12-11 14:15:33','N'),('pdpar.ie','Project Delivery Partners','---','',00000600,'Active','2002-09-07','2000-03-22','2003-03-22','2009-04-14 12:41:20','Y','Y','Y','CRO: 313023bill-c (IEUNET-NOC) superseded 20011211%tc (IEUNET-NOC) superseded 20020207%zc (IEUNET-NOC) superseded 20020207%ac (Robert Cullen) superseded 20020219','MERGE','2002-12-11 14:15:45','N'),('revcom.ie','Revenue Comissioners','---','',00000600,'Active','2002-09-07','1997-02-05','2003-02-05','2009-04-14 12:41:20','Y','Y','Y','Merged from 1 instances%bill-c (IEUNET-NOC) superseded 20011211%tc (IEUNET-NOC) superseded 20020207%zc (IEUNET-NOC) superseded 20020207%ac (Mr Andrew O\'Kelly) superseded 20020219','MERGE','2002-12-11 14:16:10','N'),('revenuenews.ie','Revenue Commissioners','Discretionary Applicant','Discretionary Name',00000600,'Active','2002-09-07','2000-11-16','2003-11-16','2002-11-13 13:10:43','Y','Y','Y','Stautory Body%Discretionary Namebill-c (IEUNET-NOC) superseded 20011211%tc (IEUNET-NOC) superseded 20020207%zc (IEUNET-NOC) superseded 20020207%ac (Paddy Ryan) superseded 20020226%ac (Paddy Ryan (by name)) superseded 20020226','MERGE','2002-12-11 14:16:10','N'),('speko.ie','Speko Distributors','Body Corporate (Ltd,PLC,Company)','',00000600,'Active','2002-09-07','2001-03-08','2003-03-08','2002-11-13 13:10:50','Y','Y','Y','Body Corporate 74157bill-c (IEUNET-NOC) superseded 20011211%tc (IEUNET-NOC) superseded 20020207%zc (IEUNET-NOC) superseded 20020207%ac (Noel Carr) superseded 20020219','MERGE','2002-12-11 14:16:46','N'),('offalyleader.ie','Offaly Leader 2 ltd (Body Corporate)','Body Corporate (Ltd,PLC,Company)','',00000102,'Active','2002-09-07','1999-11-08','2003-11-08','2002-11-15 10:10:12','Y','Y','Y','Category:corporate name .CRO No.236828%bill-c (Ireland On-Line Accounts Dept) superseded 20011211%zc (Ireland On-Line Hostmaster) superseded 20020207%ac (Anton Barrett) superseded 20020226%tc (Anton Barrett) superseded 20020226%ac (Anton Barrett (by name)','MERGE','2002-12-11 14:18:08','N'),('offalyleader.ie','Offaly Leader 2 ltd (Body Corporate)','Body Corporate (Ltd,PLC,Company)','Registered Business Name',00000600,'Active','2002-12-11','1999-08-11','2003-08-11','2003-01-15 14:13:53','Y','Y','Y','Changed from by name','IH4-IEDR','2003-01-15 14:13:57','N'),('offalyleader.ie','Offaly Leader 2 ltd (Body Corporate)','Body Corporate (Ltd,PLC,Company)','Registered Business Name',00000600,'Active','2002-12-11','1999-11-08','2003-11-08','2003-01-16 14:43:33','Y','Y','Y','amended tech-c as was by name','GEORGE-IEDR','2003-01-16 14:43:40','N'),('carrollkinsella.ie','Carroll & Kinsella Motors Ltd.','Body Corporate (Ltd,PLC,Company)','',00000600,'Active','2002-12-11','1999-01-28','2003-01-28','2002-12-11 14:14:20','Y','Y','Y','Mass Merge transferring to account 00000600','INVOICE RUN','2003-04-09 11:07:47','N'),('dolmendirect.ie','Dolmen Direct Ltd','Body Corporate (Ltd,PLC,Company)','',00000600,'Active','2002-12-11','2000-02-17','2003-02-17','2002-12-11 14:14:34','Y','Y','Y','Mass Merge transferring to account 00000600','INVOICE RUN','2003-04-09 11:08:02','N'),('forrestprint.ie','Forrest Print & Stationary Ltd','Body Corporate (Ltd,PLC,Company)','',00000600,'Active','2002-12-11','2001-01-29','2003-01-29','2002-12-11 14:14:45','Y','Y','Y','Mass Merge transferring to account 00000600','INVOICE RUN','2003-04-09 11:08:14','N'),('iifpmec.ie','IIF Process Mechanical and Electrical Contractors 108255','---','',00000600,'Active','2002-12-11','2000-02-23','2003-02-23','2009-04-14 12:41:20','Y','Y','Y','Mass Merge transferring to account 00000600','INVOICE RUN','2003-04-09 11:08:28','N'),('independentsmerchants.ie','Independent Merchants Ltd','Body Corporate (Ltd,PLC,Company)','Corporate Name',00000600,'Active','2002-12-11','2002-03-06','2003-03-06','2002-12-11 14:15:04','Y','Y','Y','Mass Merge transferring to account 00000600','INVOICE RUN','2003-04-09 11:08:30','N'),('littlebird.ie','Littlebird (Film Productions)','---','',00000600,'Active','2002-12-11','2000-01-21','2003-03-31','2009-04-14 12:41:20','Y','Y','Y','Mass Merge transferring to account 00000600','INVOICE RUN','2003-04-09 11:08:49','N'),('mgl.ie','Miller Group Limited','Body Corporate (Ltd,PLC,Company)','',00000600,'Active','2002-12-11','1999-03-05','2003-03-05','2002-12-11 14:15:29','Y','Y','Y','Mass Merge transferring to account 00000600','INVOICE RUN','2003-04-09 11:08:55','N'),('pdpar.ie','Project Delivery Partners','---','',00000600,'Active','2002-12-11','2000-03-22','2003-03-22','2009-04-14 12:41:20','Y','Y','Y','Mass Merge transferring to account 00000600','INVOICE RUN','2003-04-09 11:09:12','N'),('revcom.ie','Revenue Comissioners','---','',00000600,'Active','2002-12-11','1997-02-05','2003-02-05','2009-04-14 12:41:20','Y','Y','Y','Mass Merge transferring to account 00000600','INVOICE RUN','2003-04-09 11:09:20','N'),('speko.ie','Speko Distributors','Body Corporate (Ltd,PLC,Company)','',00000600,'Active','2002-12-11','2001-03-08','2003-03-08','2002-12-11 14:16:46','Y','Y','Y','Mass Merge transferring to account 00000600','INVOICE RUN','2003-04-09 11:09:31','N'),('multy.ie','Multy Products Ltd.','Body Corporate (Ltd,PLC,Company)','Corporate Name',00000600,'Active','2002-12-11','1996-07-11','2003-07-11','2003-04-09 14:18:57','Y','Y','Y','changed admin by name','IH4-IEDR','2003-04-09 15:23:15','N'),('iifpmec.ie','IIF Process Mechanical and Electrical Contractors 108255','Body Corporate (Ltd,PLC,Company)','Corporate Name',00000600,'Active','2002-12-11','2000-02-23','2004-02-23','2003-04-10 09:11:10','Y','Y','Y','changed admin by name','IH4-IEDR','2003-04-10 10:16:15','N'),('olympiacapital.ie','Olympia Capital (Ireland) Ltd','Body Corporate (Ltd,PLC,Company)','Corporate Name',00000001,'Active','2002-09-07','1998-09-08','2003-12-31','2003-04-11 10:06:06','N','Y','Y','changed admin by name','IH4-IEDR','2003-04-11 11:11:14','N'),('revenuenews.ie','Revenue Commissioners','Discretionary Applicant','Discretionary Name',00000600,'Active','2002-12-11','2000-11-16','2003-11-16','2003-04-29 10:26:26','Y','Y','Y','changed admin by name','IH4-IEDR','2003-04-29 11:32:36','N'),('ezoption.ie','EZ Option Holdings Ltd','Body Corporate (Ltd,PLC,Company)','Corporate Name',00000600,'Active','2002-12-11','2000-11-14','2003-11-14','2003-04-30 14:09:57','Y','Y','Y','changed admin by name','IH4-IEDR','2003-04-30 15:16:10','N'),('ezoptions.ie','EZ Option Holdings Ltd','Body Corporate (Ltd,PLC,Company)','Corporate Name',00000600,'Active','2002-12-11','2000-11-10','2003-11-10','2003-04-30 14:10:49','Y','Y','Y','changed admin by name','IH4-IEDR','2003-04-30 15:17:03','N'),('multy.ie','Multy Products Ltd.','Body Corporate (Ltd,PLC,Company)','Corporate Name',00000600,'Deleted','0000-00-00','1996-11-07','2003-11-07','2003-09-03 13:23:29','Y','Y','Y','changed admin by name','Flipper','2003-09-03 14:00:00','N'),('offalyleader.ie','Offaly Leader 2 ltd (Body Corporate)','Body Corporate (Ltd,PLC,Company)','Registered Business Name',00000600,'Active','2002-12-11','1999-11-08','2003-11-08','2003-09-04 11:19:27','N','Y','Y','Name Server Merger','NS MERGE','2003-09-15 12:30:20','N'),('offalyleader.ie','Offaly Leader 2 ltd (Body Corporate)','Body Corporate (Ltd,PLC,Company)','Registered Business Name',00000600,'Active','2002-12-11','1999-11-08','2003-11-08','2003-09-04 11:19:27','N','Y','Y','Name Server Merger','NS MERGE','2003-09-15 12:33:02','N'),('offalyleader.ie','Offaly Leader 2 ltd (Body Corporate)','Body Corporate (Ltd,PLC,Company)','Registered Business Name',00000600,'Active','2002-12-11','1999-11-08','2003-11-08','2003-09-04 11:19:27','N','Y','Y','Name Server Merger','NS MERGE','2003-09-15 12:33:48','N'),('littlebird.ie','Littlebird (Film Productions)','---','',00000600,'Active','2002-12-11','2000-01-21','2004-03-31','2009-04-14 12:41:20','N','Y','Y','Mass Merge transferring to account 00000600','GEORGE-IEDR','2003-10-08 14:28:31','N'),('pdpar.ie','Project Delivery Partners','---','',00000600,'Active','2002-12-11','2000-03-22','2004-03-22','2009-04-14 12:41:20','N','Y','Y','Mass Merge transferring to account 00000600','CIARA-IEDR','2003-11-04 09:55:05','N'),('revcom.ie','Revenue Comissioners','---','',00000600,'Active','2002-12-11','1997-02-05','2004-02-05','2009-04-14 12:41:20','N','Y','Y','Mass Merge transferring to account 00000600','RIA-IEDR','2003-12-02 12:23:55','N'),('dolmendirect.ie','Dolmen Direct Ltd','Body Corporate (Ltd,PLC,Company)','Corporate Name',00000600,'Active','2002-12-11','2000-02-17','2004-02-17','2003-09-04 11:19:27','N','Y','Y','Mass Merge transferring to account 00000600','INVOICE RUN','2004-03-04 14:54:32','N'),('iifpmec.ie','IIF Process Mechanical and Electrical Contractors 108255','Body Corporate (Ltd,PLC,Company)','Corporate Name',00000600,'Active','2002-12-11','2000-02-23','2004-02-23','2003-09-04 11:19:27','N','Y','Y','changed admin by name','INVOICE RUN','2004-03-04 14:54:42','N'),('revcom.ie','Revenue Comissioners','Unincorporated Association','Unincorporated Association Name',00000600,'Active','2002-12-11','1997-02-05','2004-02-05','2003-12-02 12:23:57','N','Y','','Revenue Comissioners','INVOICE RUN','2004-03-04 14:54:57','N'),('independentsmerchants.ie','Independent Merchants Ltd','Body Corporate (Ltd,PLC,Company)','Corporate Name',00000600,'Active','2002-12-11','2002-03-06','2004-03-06','2003-09-04 11:19:27','N','Y','Y','Mass Merge transferring to account 00000600','INVOICE RUN','2004-04-01 10:35:11','N'),('independentsmerchants.ie','Independent Merchants Ltd','Body Corporate (Ltd,PLC,Company)','Corporate Name',00000600,'Active','2002-12-11','2002-03-06','2004-03-06','2004-04-01 09:57:45','N','Y','Y','Mass Merge transferring to account 00000600','INVOICE RUN','2004-04-01 11:13:13','N'),('independentsmerchants.ie','Independent Merchants Ltd','Body Corporate (Ltd,PLC,Company)','Corporate Name',00000600,'Active','2002-12-11','2002-03-06','2004-03-06','2004-04-01 10:15:29','N','Y','Y','Mass Merge transferring to account 00000600','INVOICE RUN','2004-04-01 11:25:55','N'),('independentsmerchants.ie','Independent Merchants Ltd','Body Corporate (Ltd,PLC,Company)','Corporate Name',00000600,'Active','2002-12-11','2002-03-06','2004-03-06','2004-04-01 10:29:25','N','Y','Y','Mass Merge transferring to account 00000600','INVOICE RUN','2004-04-01 11:39:25','N'),('independentsmerchants.ie','Independent Merchants Ltd','Body Corporate (Ltd,PLC,Company)','Corporate Name',00000600,'Active','2002-12-11','2002-03-06','2004-03-06','2004-04-01 10:41:13','N','Y','Y','Mass Merge transferring to account 00000600','INVOICE RUN','2004-04-01 11:56:28','N'),('littlebird.ie','Little bird Television Ltd.','Body Corporate (Ltd,PLC,Company)','Corporate Name',00000600,'Active','2002-12-11','2000-01-21','2004-03-31','2003-10-08 13:28:30','N','Y','','inserted class and cat.','INVOICE RUN','2004-04-01 11:56:39','N'),('mgl.ie','Miller Group Limited','Body Corporate (Ltd,PLC,Company)','Corporate Name',00000600,'Active','2002-12-11','1999-03-05','2004-03-05','2003-09-04 11:19:27','N','Y','Y','Mass Merge transferring to account 00000600','INVOICE RUN','2004-04-01 11:56:43','N'),('pdpar.ie','PROJECT DELIVERY PARTNERS LIMITED','Body Corporate (Ltd,PLC,Company)','Corporate Name',00000600,'Active','2002-12-11','2000-03-22','2004-03-22','2003-11-04 09:55:05','N','Y','','Updated class and category ','INVOICE RUN','2004-04-01 11:56:51','N'),('speko.ie','Speko Distributors','Body Corporate (Ltd,PLC,Company)','Corporate Name',00000600,'Active','2002-12-11','2001-03-08','2004-03-08','2003-09-04 11:19:27','N','Y','Y','Mass Merge transferring to account 00000600','INVOICE RUN','2004-04-01 11:56:59','N'),('olympiacapital.ie','Olympia Capital (Ireland) Ltd','Body Corporate (Ltd,PLC,Company)','Corporate Name',00000001,'Active','2002-09-07','1998-09-08','2004-12-31','2004-05-21 17:09:39','N','Y','Y','changed admin by name','SOUAD-IEDR','2004-07-08 10:49:08','N'),('olympiacapital.ie','Olympia Capital (Ireland) Ltd','Body Corporate (Ltd,PLC,Company)','Corporate Name',00000600,'Active','2002-09-07','1998-09-08','2004-12-31','2004-07-08 09:47:10','N','Y','Y','Please note that this domain has been transferred to Esat for modification','BATCH','2004-07-08 16:54:08','N'),('avicontravel.ie','Avicon Consultancy Services Limited','BODY CORPORATE (LTD,PLC,COMPANY)','REGISTERED BUSINESS NAME',00000600,'Active','2003-11-27','2003-11-27','2004-11-27','2004-05-21 15:33:32','N','Y','Y','Hi Guys \r\n\r\nFaxing over the dox for this domain submission\r\n\r\nRegards\r\n\r\nDeirdre Malone\r\nEsat BT','INVOICE RUN','2004-12-01 12:33:33','N'),('ezoption.ie','EZ Option Holdings Ltd','Body Corporate (Ltd,PLC,Company)','Corporate Name',00000600,'Active','2002-12-11','2000-11-14','2004-11-14','2004-05-21 16:56:59','N','Y','Y','changed admin by name','INVOICE RUN','2004-12-01 12:33:45','N'),('ezoptions.ie','EZ Option Holdings Ltd','Body Corporate (Ltd,PLC,Company)','Corporate Name',00000600,'Active','2002-12-11','2000-11-10','2004-11-10','2004-05-21 16:56:59','N','Y','Y','changed admin by name','INVOICE RUN','2004-12-01 12:33:45','N'),('isas.ie','Broecker GmbH','Body Corporate (Ltd,PLC,Company)','Corporate Name',00000600,'Active','2002-12-11','1996-11-24','2004-11-24','2004-05-21 16:59:37','N','Y','Y','Mass Merge transferring to account 00000600','INVOICE RUN','2004-12-01 12:33:54','N'),('multy.ie','Multy Products Ltd.','Body Corporate (Ltd,PLC,Company)','Corporate Name',00000600,'Active','2002-12-11','1996-11-07','2004-11-07','2004-05-21 17:02:05','N','Y','Y','Flipped Ren/Reg dates','INVOICE RUN','2004-12-01 12:34:01','N'),('offalyleader.ie','Offaly Leader 2 ltd (Body Corporate)','Body Corporate (Ltd,PLC,Company)','Registered Business Name',00000600,'Active','2002-12-11','1999-11-08','2004-11-08','2004-05-21 17:02:47','N','Y','Y','amended tech-c as was by name','INVOICE RUN','2004-12-01 12:34:04','N'),('revenuenews.ie','Revenue Commissioners','Discretionary Applicant','Discretionary Name',00000600,'Active','2002-12-11','2000-11-16','2004-11-16','2004-05-21 17:04:22','N','Y','Y','changed admin by name','INVOICE RUN','2004-12-01 12:34:07','N'),('accessorize.ie','Conran Properties Ltd','Body Corporate (Ltd,PLC,Company)','Corporate Name',00000600,'Active','2002-12-11','1998-12-17','2004-12-17','2004-05-21 15:32:34','N','Y','Y','Mass Merge transferring to account 00000600','INVOICE RUN','2005-01-04 11:53:58','N'),('antnic.ie','Nicholas, Anthony Limited','Body Corporate (Ltd,PLC,Company)','Corporate Name',00000600,'Active','2002-12-11','1998-12-03','2004-12-03','2004-05-21 15:33:06','N','Y','Y','Mass Merge transferring to account 00000600','INVOICE RUN','2005-01-04 11:53:59','N'),('atlanticarchitects.ie','Atlantic Architects Ltd','Body Corporate (Ltd,PLC,Company)','Corporate Name',00000600,'Active','2003-12-12','2003-12-12','2004-12-12','2004-05-21 15:33:25','N','Y','Y','Hi Guys \r\n\r\nFaxing the dox for this domain\r\n\r\nRegards\r\n\r\nDeirdre Malone\r\nEsat BT','INVOICE RUN','2005-01-04 11:53:59','N'),('edi.ie','EDI Factory Ltd','Body Corporate (Ltd,PLC,Company)','Corporate Name',00000600,'Active','2002-12-11','1996-12-03','2004-12-03','2004-05-21 16:56:22','N','Y','Y','Mass Merge transferring to account 00000600','INVOICE RUN','2005-01-04 11:54:05','N'),('etcl.ie','Ergo Treasury Centre Limited','BODY CORPORATE (LTD,PLC,COMPANY)','Corporate Name',00000600,'Active','2002-12-11','2002-12-10','2004-12-10','2004-05-21 16:56:46','N','Y','Y','Mass Merge transferring to account 00000600','INVOICE RUN','2005-01-04 11:54:05','N'),('millerg.ie','Miller Group Ltd','Body Corporate (Ltd,PLC,Company)','Corporate Name',00000600,'Active','2002-12-11','1999-12-17','2004-12-17','2004-05-21 17:01:41','N','Y','Y','Mass Merge transferring to account 00000600','INVOICE RUN','2005-01-04 11:54:16','N'),('olympiacapital.ie','Olympia Capital (Ireland) Ltd','BODY CORPORATE (LTD,PLC,COMPANY)','Corporate Name',00000600,'Active','2002-09-07','1998-09-08','2004-12-31','2004-07-08 15:54:08','N','Y','Y','Please note that this domain has been transferred to Esat for modification','INVOICE RUN','2005-01-04 11:54:18','N'),('barrtribunal.ie','Department of Justice, Equality and Law Reform','Statutory Body','Discretionary Name',00000600,'Active','2003-01-22','2003-01-22','2005-01-22','2004-05-21 16:52:51','N','Y','Y','','INVOICE RUN','2005-02-01 10:07:29','N'),('bolandryan.ie','Boland Ryan Limited','Body Corporate (Ltd,PLC,Company)','Corporate Name',00000600,'Active','2003-01-09','2003-01-09','2005-01-09','2004-05-21 16:53:17','N','Y','Y','COI: 45292','INVOICE RUN','2005-02-01 10:07:29','N'),('carrollkinsella.ie','Carroll & Kinsella Motors Ltd.','Body Corporate (Ltd,PLC,Company)','Corporate Name',00000600,'Active','2002-12-11','1999-01-28','2005-01-28','2004-05-21 16:53:54','N','Y','Y','Mass Merge transferring to account 00000600','INVOICE RUN','2005-02-01 10:07:31','N'),('forrestprint.ie','Forrest Print & Stationary Ltd','Body Corporate (Ltd,PLC,Company)','Corporate Name',00000600,'Active','2002-12-11','2001-01-29','2005-01-29','2004-05-21 16:57:28','N','Y','Y','Mass Merge transferring to account 00000600','INVOICE RUN','2005-02-01 10:07:39','N'),('dolmendirect.ie','Dolmen Direct Ltd','Body Corporate (Ltd,PLC,Company)','Corporate Name',00000600,'Active','2002-12-11','2000-02-17','2005-02-17','2004-05-21 16:55:49','N','Y','Y','Mass Merge transferring to account 00000600','INVOICE RUN','2005-03-01 10:37:27','N'),('iifpmec.ie','IIF Process Mechanical and Electrical Contractors 108255','Body Corporate (Ltd,PLC,Company)','Corporate Name',00000600,'Active','2002-12-11','2000-02-23','2005-02-23','2004-05-21 16:59:02','N','Y','Y','changed admin by name','INVOICE RUN','2005-03-01 10:37:36','N'),('revcom.ie','Revenue Comissioners','Unincorporated Association','Unincorporated Association Name',00000600,'Active','2002-12-11','1997-02-05','2005-02-05','2004-05-21 17:04:22','N','Y','','Revenue Comissioners','INVOICE RUN','2005-03-01 10:37:51','N'),('independentsmerchants.ie','Independent Merchants Ltd','Body Corporate (Ltd,PLC,Company)','Corporate Name',00000600,'Active','2002-12-11','2002-03-06','2005-03-06','2004-05-21 16:59:08','N','Y','Y','Mass Merge transferring to account 00000600','INVOICE RUN','2005-04-01 10:50:58','N'),('littlebird.ie','Little bird Television Ltd.','Body Corporate (Ltd,PLC,Company)','Corporate Name',00000600,'Active','2002-12-11','2000-01-21','2005-03-31','2004-05-21 17:00:48','N','Y','','inserted class and cat.','INVOICE RUN','2005-04-01 10:51:06','N'),('mgl.ie','Miller Group Limited','Body Corporate (Ltd,PLC,Company)','Corporate Name',00000600,'Active','2002-12-11','1999-03-05','2005-03-05','2004-05-21 17:01:36','N','Y','Y','Mass Merge transferring to account 00000600','INVOICE RUN','2005-04-01 10:51:09','N'),('pdpar.ie','PROJECT DELIVERY PARTNERS LIMITED','Body Corporate (Ltd,PLC,Company)','Corporate Name',00000600,'Active','2002-12-11','2000-03-22','2005-03-22','2004-05-21 17:03:17','N','Y','','Updated class and category ','INVOICE RUN','2005-04-01 10:51:17','N'),('speko.ie','Speko Distributors','Body Corporate (Ltd,PLC,Company)','Corporate Name',00000600,'Active','2002-12-11','2001-03-08','2005-03-08','2004-05-21 17:05:32','N','Y','Y','Mass Merge transferring to account 00000600','INVOICE RUN','2005-04-01 10:51:23','N'),('accessorize.ie','Conran Properties Ltd','Body Corporate (Ltd,PLC,Company)','Corporate Name',00000600,'Active','2002-12-11','1998-12-17','2005-12-17','2005-11-03 13:20:21','N','Y','Y','October Renewal Date ERROR','CLEANUP','2005-11-03 13:24:57','N'),('antnic.ie','Nicholas, Anthony Limited','Body Corporate (Ltd,PLC,Company)','Corporate Name',00000600,'Active','2002-12-11','1998-12-03','2005-12-03','2005-11-03 13:20:21','N','Y','Y','October Renewal Date ERROR','CLEANUP','2005-11-03 13:24:57','N'),('atlanticarchitects.ie','Atlantic Architects Ltd','Body Corporate (Ltd,PLC,Company)','Corporate Name',00000600,'Active','2003-12-12','2003-12-12','2005-12-12','2005-11-03 13:20:21','N','Y','Y','October Renewal Date ERROR','CLEANUP','2005-11-03 13:24:57','N'),('avicontravel.ie','Avicon Consultancy Services Limited','Body Corporate (Ltd,PLC,Company)','Registered Business Name',00000600,'Active','2003-11-27','2003-11-27','2005-11-27','2005-11-03 13:20:21','N','Y','Y','October Renewal Date ERROR','CLEANUP','2005-11-03 13:24:57','N'),('changeyourbank.ie','Bank of Scotland (Ireland)','Body Corporate (Ltd,PLC,Company)','Discretionary Name',00000600,'Active','2004-12-08','2004-12-08','2005-12-08','2005-11-03 13:20:21','N','Y','Y','October Renewal Date ERROR','CLEANUP','2005-11-03 13:24:57','N'),('easyswitch.ie','Bank of Scotland (Ireland)','Body Corporate (Ltd,PLC,Company)','Discretionary Name',00000600,'Active','2004-12-08','2004-12-08','2005-12-08','2005-11-03 13:20:21','N','Y','Y','October Renewal Date ERROR','CLEANUP','2005-11-03 13:24:57','N'),('edi.ie','EDI Factory Ltd','Body Corporate (Ltd,PLC,Company)','Corporate Name',00000600,'Active','2002-12-11','1996-12-03','2005-12-03','2005-11-03 13:20:21','N','Y','Y','October Renewal Date ERROR','CLEANUP','2005-11-03 13:24:57','N'),('etcl.ie','Ergo Treasury Centre Limited','Body Corporate (Ltd,PLC,Company)','Corporate Name',00000600,'Active','2002-12-11','2002-12-10','2005-12-10','2005-11-03 13:20:21','N','Y','Y','October Renewal Date ERROR','CLEANUP','2005-11-03 13:24:57','N'),('ezoption.ie','EZ Option Holdings Ltd','Body Corporate (Ltd,PLC,Company)','Corporate Name',00000600,'Active','2002-12-11','2000-11-14','2005-11-14','2005-11-03 13:20:21','N','Y','Y','October Renewal Date ERROR','CLEANUP','2005-11-03 13:24:57','N'),('ezoptions.ie','EZ Option Holdings Ltd','Body Corporate (Ltd,PLC,Company)','Corporate Name',00000600,'Active','2002-12-11','2000-11-10','2005-11-10','2005-11-03 13:20:21','N','Y','Y','October Renewal Date ERROR','CLEANUP','2005-11-03 13:24:57','N'),('isas.ie','Broecker GmbH','Body Corporate (Ltd,PLC,Company)','Corporate Name',00000600,'Active','2002-12-11','1996-11-24','2005-11-24','2005-11-03 13:20:21','N','Y','Y','October Renewal Date ERROR','CLEANUP','2005-11-03 13:24:57','N'),('millerg.ie','Miller Group Ltd','Body Corporate (Ltd,PLC,Company)','Corporate Name',00000600,'Active','2002-12-11','1999-12-17','2005-12-17','2005-11-03 13:20:21','N','Y','Y','October Renewal Date ERROR','CLEANUP','2005-11-03 13:24:57','N'),('multy.ie','Multy Products Ltd.','Body Corporate (Ltd,PLC,Company)','Corporate Name',00000600,'Active','2002-12-11','1996-11-07','2005-11-07','2005-11-03 13:20:21','N','Y','Y','October Renewal Date ERROR','CLEANUP','2005-11-03 13:24:57','N'),('offalyleader.ie','Offaly Leader 2 ltd (Body Corporate)','Body Corporate (Ltd,PLC,Company)','Registered Business Name',00000600,'Active','2002-12-11','1999-11-08','2005-11-08','2005-11-03 13:20:21','N','Y','Y','October Renewal Date ERROR','CLEANUP','2005-11-03 13:24:57','N'),('olympiacapital.ie','Olympia Capital (Ireland) Ltd','Body Corporate (Ltd,PLC,Company)','Corporate Name',00000600,'Active','2002-09-07','1998-09-08','2005-12-31','2005-11-03 13:20:21','N','Y','Y','October Renewal Date ERROR','CLEANUP','2005-11-03 13:24:57','N'),('revenuenews.ie','Revenue Commissioners','Discretionary Applicant','Discretionary Name',00000600,'Active','2002-12-11','2000-11-16','2005-11-16','2005-11-03 13:20:21','N','Y','Y','October Renewal Date ERROR','CLEANUP','2005-11-03 13:24:57','N'),('switchmyaccount.ie','Bank of Scotland (Ireland)','Body Corporate (Ltd,PLC,Company)','Discretionary Name',00000600,'Active','2004-12-08','2004-12-08','2005-12-08','2005-11-03 13:20:21','N','Y','Y','October Renewal Date ERROR','CLEANUP','2005-11-03 13:24:57','N'),('wewantyou.ie','Bank of Scotland (Ireland)','Body Corporate (Ltd,PLC,Company)','Discretionary Name',00000600,'Active','2004-12-08','2004-12-08','2005-12-08','2005-11-03 13:20:21','N','Y','Y','October Renewal Date ERROR','CLEANUP','2005-11-03 13:24:57','N'),('avicontravel.ie','Avicon Consultancy Services Limited','Body Corporate (Ltd,PLC,Company)','Registered Business Name',00000600,'Active','2003-11-27','2003-11-27','2005-11-27','2005-11-03 13:20:21','N','Y','Y','Hi Guys \r\n\r\nFaxing over the dox for this domain submission\r\n\r\nRegards\r\n\r\nDeirdre Malone\r\nEsat BT','INVOICE RUN','2005-12-01 15:34:42','N'),('ezoption.ie','EZ Option Holdings Ltd','Body Corporate (Ltd,PLC,Company)','Corporate Name',00000600,'Active','2002-12-11','2000-11-14','2005-11-14','2005-11-03 13:20:21','N','Y','Y','changed admin by name','INVOICE RUN','2005-12-01 15:34:53','N'),('ezoptions.ie','EZ Option Holdings Ltd','Body Corporate (Ltd,PLC,Company)','Corporate Name',00000600,'Active','2002-12-11','2000-11-10','2005-11-10','2005-11-03 13:20:21','N','Y','Y','changed admin by name','INVOICE RUN','2005-12-01 15:34:53','N'),('isas.ie','Broecker GmbH','Body Corporate (Ltd,PLC,Company)','Corporate Name',00000600,'Active','2002-12-11','1996-11-24','2005-11-24','2005-11-03 13:20:21','N','Y','Y','Mass Merge transferring to account 00000600','INVOICE RUN','2005-12-01 15:35:01','N'),('multy.ie','Multy Products Ltd.','Body Corporate (Ltd,PLC,Company)','Corporate Name',00000600,'Active','2002-12-11','1996-11-07','2005-11-07','2005-11-03 13:20:21','N','Y','Y','Flipped Ren/Reg dates','INVOICE RUN','2005-12-01 15:35:08','N'),('offalyleader.ie','Offaly Leader 2 ltd (Body Corporate)','Body Corporate (Ltd,PLC,Company)','Registered Business Name',00000600,'Active','2002-12-11','1999-11-08','2005-11-08','2005-11-03 13:20:21','N','Y','Y','amended tech-c as was by name','INVOICE RUN','2005-12-01 15:35:10','N'),('revenuenews.ie','Revenue Commissioners','Discretionary Applicant','Discretionary Name',00000600,'Active','2002-12-11','2000-11-16','2005-11-16','2005-11-03 13:20:21','N','Y','Y','changed admin by name','INVOICE RUN','2005-12-01 15:35:14','N'),('accessorize.ie','Conran Properties Ltd','Body Corporate (Ltd,PLC,Company)','Corporate Name',00000600,'Active','2002-12-11','1998-12-17','2005-12-17','2005-11-03 13:20:21','N','Y','Y','Mass Merge transferring to account 00000600','INVOICE RUN','2006-01-03 12:23:36','N'),('antnic.ie','Nicholas, Anthony Limited','Body Corporate (Ltd,PLC,Company)','Corporate Name',00000600,'Active','2002-12-11','1998-12-03','2005-12-03','2005-11-03 13:20:21','N','Y','Y','Mass Merge transferring to account 00000600','INVOICE RUN','2006-01-03 12:23:38','N'),('atlanticarchitects.ie','Atlantic Architects Ltd','Body Corporate (Ltd,PLC,Company)','Corporate Name',00000600,'Active','2003-12-12','2003-12-12','2005-12-12','2005-11-03 13:20:21','N','Y','Y','Hi Guys \r\n\r\nFaxing the dox for this domain\r\n\r\nRegards\r\n\r\nDeirdre Malone\r\nEsat BT','INVOICE RUN','2006-01-03 12:23:38','N'),('changeyourbank.ie','Bank of Scotland (Ireland)','Body Corporate (Ltd,PLC,Company)','Discretionary Name',00000600,'Active','2004-12-08','2004-12-08','2005-12-08','2005-11-03 13:20:21','N','Y','Y','CRO: 8545','INVOICE RUN','2006-01-03 12:23:44','N'),('easyswitch.ie','Bank of Scotland (Ireland)','Body Corporate (Ltd,PLC,Company)','Discretionary Name',00000600,'Active','2004-12-08','2004-12-08','2005-12-08','2005-11-03 13:20:21','N','Y','Y','CRO: 8545','INVOICE RUN','2006-01-03 12:23:50','N'),('edi.ie','EDI Factory Ltd','Body Corporate (Ltd,PLC,Company)','Corporate Name',00000600,'Active','2002-12-11','1996-12-03','2005-12-03','2005-11-03 13:20:21','N','Y','Y','Mass Merge transferring to account 00000600','INVOICE RUN','2006-01-03 12:23:50','N'),('etcl.ie','Ergo Treasury Centre Limited','Body Corporate (Ltd,PLC,Company)','Corporate Name',00000600,'Active','2002-12-11','2002-12-10','2005-12-10','2005-11-03 13:20:21','N','Y','Y','Mass Merge transferring to account 00000600','INVOICE RUN','2006-01-03 12:23:52','N'),('millerg.ie','Miller Group Ltd','Body Corporate (Ltd,PLC,Company)','Corporate Name',00000600,'Active','2002-12-11','1999-12-17','2005-12-17','2005-11-03 13:20:21','N','Y','Y','Mass Merge transferring to account 00000600','INVOICE RUN','2006-01-03 12:24:14','N'),('olympiacapital.ie','Olympia Capital (Ireland) Ltd','Body Corporate (Ltd,PLC,Company)','Corporate Name',00000600,'Active','2002-09-07','1998-09-08','2005-12-31','2005-11-03 13:20:21','N','Y','Y','Please note that this domain has been transferred to Esat for modification','INVOICE RUN','2006-01-03 12:24:18','N'),('switchmyaccount.ie','Bank of Scotland (Ireland)','Body Corporate (Ltd,PLC,Company)','Discretionary Name',00000600,'Active','2004-12-08','2004-12-08','2005-12-08','2005-11-03 13:20:21','N','Y','Y','CRO: 8545','INVOICE RUN','2006-01-03 12:24:28','N'),('wewantyou.ie','Bank of Scotland (Ireland)','Body Corporate (Ltd,PLC,Company)','Discretionary Name',00000600,'Active','2004-12-08','2004-12-08','2005-12-08','2005-11-03 13:20:21','N','Y','Y','CRO: 8545','INVOICE RUN','2006-01-03 12:24:34','N'),('barrtribunal.ie','Department of Justice, Equality and Law Reform','Statutory Body','Discretionary Name',00000600,'Active','2003-01-22','2003-01-22','2006-01-22','2005-02-01 10:07:29','N','Y','Y','','INVOICE RUN','2006-02-02 11:23:09','N'),('bolandryan.ie','Boland Ryan Limited','Body Corporate (Ltd,PLC,Company)','Corporate Name',00000600,'Active','2003-01-09','2003-01-09','2006-01-09','2005-02-01 10:07:29','N','Y','Y','COI: 45292','INVOICE RUN','2006-02-02 11:23:10','N'),('carrollkinsella.ie','Carroll & Kinsella Motors Ltd.','Body Corporate (Ltd,PLC,Company)','Corporate Name',00000600,'Active','2002-12-11','1999-01-28','2006-01-28','2005-02-01 10:07:31','N','Y','Y','Mass Merge transferring to account 00000600','INVOICE RUN','2006-02-02 11:23:11','N'),('forrestprint.ie','Forrest Print & Stationary Ltd','Body Corporate (Ltd,PLC,Company)','Corporate Name',00000600,'Active','2002-12-11','2001-01-29','2006-01-29','2005-02-01 10:07:39','N','Y','Y','Mass Merge transferring to account 00000600','INVOICE RUN','2006-02-02 11:23:19','N'),('dolmendirect.ie','Dolmen Direct Ltd','Body Corporate (Ltd,PLC,Company)','Corporate Name',00000600,'Active','2002-12-11','2000-02-17','2006-02-17','2005-03-01 10:37:27','N','Y','Y','Mass Merge transferring to account 00000600','INVOICE RUN','2006-03-01 17:01:51','N'),('iifpmec.ie','IIF Process Mechanical and Electrical Contractors 108255','Body Corporate (Ltd,PLC,Company)','Corporate Name',00000600,'Active','2002-12-11','2000-02-23','2006-02-23','2005-03-01 10:37:36','N','Y','Y','changed admin by name','INVOICE RUN','2006-03-01 17:02:12','N'),('revcom.ie','Revenue Comissioners','Unincorporated Association','Unincorporated Association Name',00000600,'Active','2002-12-11','1997-02-05','2006-02-05','2005-03-01 10:37:51','N','Y','','Revenue Comissioners','INVOICE RUN','2006-03-01 17:02:36','N'),('independentsmerchants.ie','Independent Merchants Ltd','Body Corporate (Ltd,PLC,Company)','Corporate Name',00000600,'Active','2002-12-11','2002-03-06','2006-03-06','2005-04-01 09:50:58','N','Y','Y','Mass Merge transferring to account 00000600','INVOICE RUN','2006-04-03 18:52:32','N'),('littlebird.ie','Little bird Television Ltd.','Body Corporate (Ltd,PLC,Company)','Corporate Name',00000600,'Active','2002-12-11','2000-01-21','2006-03-31','2005-04-01 09:51:06','N','Y','','inserted class and cat.','INVOICE RUN','2006-04-03 18:52:40','N'),('mgl.ie','Miller Group Limited','Body Corporate (Ltd,PLC,Company)','Corporate Name',00000600,'Active','2002-12-11','1999-03-05','2006-03-05','2005-04-01 09:51:09','N','Y','Y','Mass Merge transferring to account 00000600','INVOICE RUN','2006-04-03 18:52:45','N'),('pdpar.ie','PROJECT DELIVERY PARTNERS LIMITED','Body Corporate (Ltd,PLC,Company)','Corporate Name',00000600,'Active','2002-12-11','2000-03-22','2006-03-22','2005-04-01 09:51:17','N','Y','','Updated class and category ','INVOICE RUN','2006-04-03 18:52:50','N'),('speko.ie','Speko Distributors','Body Corporate (Ltd,PLC,Company)','Corporate Name',00000600,'Active','2002-12-11','2001-03-08','2006-03-08','2005-04-01 09:51:24','N','Y','Y','Mass Merge transferring to account 00000600','INVOICE RUN','2006-04-03 18:53:01','N'),('avicontravel.ie','Avicon Consultancy Services Limited','Body Corporate (Ltd,PLC,Company)','Registered Business Name',00000600,'Active','2003-11-27','2003-11-27','2006-11-27','2005-12-01 15:34:42','N','Y','Y','Hi Guys \r\n\r\nFaxing over the dox for this domain submission\r\n\r\nRegards\r\n\r\nDeirdre Malone\r\nEsat BT','INVOICE RUN','2006-12-01 14:14:10','N'),('ezoption.ie','EZ Option Holdings Ltd','Body Corporate (Ltd,PLC,Company)','Corporate Name',00000600,'Active','2002-12-11','2000-11-14','2006-11-14','2005-12-01 15:34:53','N','Y','Y','changed admin by name','INVOICE RUN','2006-12-01 14:14:21','N'),('ezoptions.ie','EZ Option Holdings Ltd','Body Corporate (Ltd,PLC,Company)','Corporate Name',00000600,'Active','2002-12-11','2000-11-10','2006-11-10','2005-12-01 15:34:53','N','Y','Y','changed admin by name','INVOICE RUN','2006-12-01 14:14:21','N'),('isas.ie','Broecker GmbH','Body Corporate (Ltd,PLC,Company)','Corporate Name',00000600,'Active','2002-12-11','1996-11-24','2006-11-24','2005-12-01 15:35:01','N','Y','Y','Mass Merge transferring to account 00000600','INVOICE RUN','2006-12-01 14:14:29','N'),('multy.ie','Multy Products Ltd.','Body Corporate (Ltd,PLC,Company)','Corporate Name',00000600,'Active','2002-12-11','1996-11-07','2006-11-07','2005-12-01 15:35:08','N','Y','Y','Flipped Ren/Reg dates','INVOICE RUN','2006-12-01 14:14:37','N'),('offalyleader.ie','Offaly Leader 2 ltd (Body Corporate)','Body Corporate (Ltd,PLC,Company)','Registered Business Name',00000600,'Active','2002-12-11','1999-11-08','2006-11-08','2005-12-01 15:35:10','N','Y','Y','amended tech-c as was by name','INVOICE RUN','2006-12-01 14:14:39','N'),('revenuenews.ie','Revenue Commissioners','Discretionary Applicant','Discretionary Name',00000600,'Active','2002-12-11','2000-11-16','2006-11-16','2005-12-01 15:35:14','N','Y','Y','changed admin by name','INVOICE RUN','2006-12-01 14:14:43','N'),('accessorize.ie','Conran Properties Ltd','Body Corporate (Ltd,PLC,Company)','Corporate Name',00000600,'Active','2002-12-11','1998-12-17','2006-12-17','2006-01-03 12:23:36','N','Y','Y','Mass Merge transferring to account 00000600','INVOICE RUN','2007-01-02 18:24:32','N'),('antnic.ie','Nicholas, Anthony Limited','Body Corporate (Ltd,PLC,Company)','Corporate Name',00000600,'Active','2002-12-11','1998-12-03','2006-12-03','2006-01-03 12:23:38','N','Y','Y','Mass Merge transferring to account 00000600','INVOICE RUN','2007-01-02 18:24:34','N'),('atlanticarchitects.ie','Atlantic Architects Ltd','Body Corporate (Ltd,PLC,Company)','Corporate Name',00000600,'Active','2003-12-12','2003-12-12','2006-12-12','2006-01-03 12:23:38','N','Y','Y','Hi Guys \r\n\r\nFaxing the dox for this domain\r\n\r\nRegards\r\n\r\nDeirdre Malone\r\nEsat BT','INVOICE RUN','2007-01-02 18:24:34','N'),('changeyourbank.ie','Bank of Scotland (Ireland)','Body Corporate (Ltd,PLC,Company)','Discretionary Name',00000600,'Active','2004-12-08','2004-12-08','2006-12-08','2006-01-03 12:23:44','N','Y','Y','CRO: 8545','INVOICE RUN','2007-01-02 18:24:37','N'),('easyswitch.ie','Bank of Scotland (Ireland)','Body Corporate (Ltd,PLC,Company)','Discretionary Name',00000600,'Active','2004-12-08','2004-12-08','2006-12-08','2006-01-03 12:23:50','N','Y','Y','CRO: 8545','INVOICE RUN','2007-01-02 18:24:39','N'),('edi.ie','EDI Factory Ltd','Body Corporate (Ltd,PLC,Company)','Corporate Name',00000600,'Active','2002-12-11','1996-12-03','2006-12-03','2006-01-03 12:23:50','N','Y','Y','Mass Merge transferring to account 00000600','INVOICE RUN','2007-01-02 18:24:39','N'),('etcl.ie','Ergo Treasury Centre Limited','Body Corporate (Ltd,PLC,Company)','Corporate Name',00000600,'Active','2002-12-11','2002-12-10','2006-12-10','2006-01-03 12:23:52','N','Y','Y','Mass Merge transferring to account 00000600','INVOICE RUN','2007-01-02 18:24:40','N'),('millerg.ie','Miller Group Ltd','Body Corporate (Ltd,PLC,Company)','Corporate Name',00000600,'Active','2002-12-11','1999-12-17','2006-12-17','2006-01-03 12:24:14','N','Y','Y','Mass Merge transferring to account 00000600','INVOICE RUN','2007-01-02 18:24:49','N'),('olympiacapital.ie','Olympia Capital (Ireland) Ltd','Body Corporate (Ltd,PLC,Company)','Corporate Name',00000600,'Active','2002-09-07','1998-09-08','2006-12-31','2006-01-03 12:24:18','N','Y','Y','Please note that this domain has been transferred to Esat for modification','INVOICE RUN','2007-01-02 18:24:51','N'),('switchmyaccount.ie','Bank of Scotland (Ireland)','Body Corporate (Ltd,PLC,Company)','Discretionary Name',00000600,'Active','2004-12-08','2004-12-08','2006-12-08','2006-01-03 12:24:28','N','Y','Y','CRO: 8545','INVOICE RUN','2007-01-02 18:24:55','N'),('wewantyou.ie','Bank of Scotland (Ireland)','Body Corporate (Ltd,PLC,Company)','Discretionary Name',00000600,'Active','2004-12-08','2004-12-08','2006-12-08','2006-01-03 12:24:34','N','Y','Y','CRO: 8545','INVOICE RUN','2007-01-02 18:24:57','N'),('barrtribunal.ie','Department of Justice, Equality and Law Reform','Statutory Body','Discretionary Name',00000600,'Active','2003-01-22','2003-01-22','2007-01-22','2006-02-02 11:23:09','N','Y','Y','','INVOICE RUN','2007-02-01 14:43:55','N'),('bolandryan.ie','Boland Ryan Limited','Body Corporate (Ltd,PLC,Company)','Corporate Name',00000600,'Active','2003-01-09','2003-01-09','2007-01-09','2006-02-02 11:23:10','N','Y','Y','COI: 45292','INVOICE RUN','2007-02-01 14:43:55','N'),('carrollkinsella.ie','Carroll & Kinsella Motors Ltd.','Body Corporate (Ltd,PLC,Company)','Corporate Name',00000600,'Active','2002-12-11','1999-01-28','2007-01-28','2006-02-02 11:23:11','N','Y','Y','Mass Merge transferring to account 00000600','INVOICE RUN','2007-02-01 14:43:57','N'),('forrestprint.ie','Forrest Print & Stationary Ltd','Body Corporate (Ltd,PLC,Company)','Corporate Name',00000600,'Active','2002-12-11','2001-01-29','2007-01-29','2006-02-02 11:23:19','N','Y','Y','Mass Merge transferring to account 00000600','INVOICE RUN','2007-02-01 14:44:03','N'),('dolmendirect.ie','Dolmen Direct Ltd','Body Corporate (Ltd,PLC,Company)','Corporate Name',00000600,'Active','2002-12-11','2000-02-17','2007-02-17','2006-03-01 17:01:51','N','Y','Y','Mass Merge transferring to account 00000600','INVOICE RUN','2007-03-01 16:07:03','N'),('iifpmec.ie','IIF Process Mechanical and Electrical Contractors 108255','Body Corporate (Ltd,PLC,Company)','Corporate Name',00000600,'Active','2002-12-11','2000-02-23','2007-02-23','2006-03-01 17:02:12','N','Y','Y','changed admin by name','INVOICE RUN','2007-03-01 16:07:12','N'),('revcom.ie','Revenue Comissioners','Unincorporated Association','Unincorporated Association Name',00000600,'Active','2002-12-11','1997-02-05','2007-02-05','2006-03-01 17:02:36','N','Y','','Revenue Comissioners','INVOICE RUN','2007-03-01 16:07:24','N'),('dolmendirect.ie','Dolmen Direct Ltd','Body Corporate (Ltd,PLC,Company)','Corporate Name',00000600,'Active','2007-04-01','2000-02-17','2008-02-17','2007-03-31 23:03:07','N','Y','Y','Monthly Clear Down: Now in MailList as a result of non-payment','CONSOLE','2007-04-01 00:03:09','N'),('iifpmec.ie','IIF Process Mechanical and Electrical Contractors 108255','Body Corporate (Ltd,PLC,Company)','Corporate Name',00000600,'Active','2007-04-01','2000-02-23','2008-02-23','2007-03-31 23:03:07','N','Y','Y','Monthly Clear Down: Now in MailList as a result of non-payment','CONSOLE','2007-04-01 00:03:09','N'),('irelandinspires.ie','FAILTE IRELAND','Body Corporate (Ltd,PLC,Company)','Corporate Name',00000600,'Active','2007-04-01','2007-02-27','2008-02-27','2007-03-31 23:03:07','N','Y','N','Monthly Clear Down: Now in MailList as a result of non-payment','CONSOLE','2007-04-01 00:03:09','N'),('revcom.ie','Revenue Comissioners','Unincorporated Association','Unincorporated Association Name',00000600,'Active','2007-04-01','1997-02-05','2008-02-05','2007-03-31 23:03:07','N','Y','','Monthly Clear Down: Now in MailList as a result of non-payment','CONSOLE','2007-04-01 00:03:09','N'),('independentsmerchants.ie','Independent Merchants Ltd','Body Corporate (Ltd,PLC,Company)','Corporate Name',00000600,'Active','2002-12-11','2002-03-06','2007-03-06','2006-04-03 17:52:32','N','Y','Y','Mass Merge transferring to account 00000600','INVOICE RUN','2007-04-02 13:30:42','N'),('littlebird.ie','Little bird Television Ltd.','Body Corporate (Ltd,PLC,Company)','Corporate Name',00000600,'Active','2002-12-11','2000-01-21','2007-03-31','2006-04-03 17:52:41','N','Y','','inserted class and cat.','INVOICE RUN','2007-04-02 13:30:47','N'),('mgl.ie','Miller Group Limited','Body Corporate (Ltd,PLC,Company)','Corporate Name',00000600,'Active','2002-12-11','1999-03-05','2007-03-05','2006-04-03 17:52:45','N','Y','Y','Mass Merge transferring to account 00000600','INVOICE RUN','2007-04-02 13:30:50','N'),('pdpar.ie','PROJECT DELIVERY PARTNERS LIMITED','Body Corporate (Ltd,PLC,Company)','Corporate Name',00000600,'Active','2002-12-11','2000-03-22','2007-03-22','2006-04-03 17:52:51','N','Y','','Updated class and category ','INVOICE RUN','2007-04-02 13:30:54','N'),('rentokilpestcontrol.ie','Rentokil Initial Ltd','BODY CORPORATE (LTD,PLC,COMPANY)','REGISTERED BUSINESS NAME',00000600,'Active','2006-03-01','2006-03-01','2007-03-01','2006-03-01 17:00:25','N','Y','Y','Hi lads\r\nbiz reg for this application is 153336, ','INVOICE RUN','2007-04-02 13:30:57','N'),('speko.ie','Speko Distributors','Body Corporate (Ltd,PLC,Company)','Corporate Name',00000600,'Active','2002-12-11','2001-03-08','2007-03-08','2006-04-03 17:53:01','N','Y','Y','Mass Merge transferring to account 00000600','INVOICE RUN','2007-04-02 13:31:01','N'),('avicontravel.ie','Avicon Consultancy Services Limited','Body Corporate (Ltd,PLC,Company)','Registered Business Name',00000600,'Active','2007-12-01','2003-11-27','2007-11-27','2007-11-30 00:00:00','N','Y','N','Invoice Run','INVOICE RUN','2007-12-01 12:00:00','N'),('ezoption.ie','EZ Option Holdings Ltd','Body Corporate (Ltd,PLC,Company)','Corporate Name',00000600,'Active','2007-12-01','2000-11-14','2007-11-14','2007-11-30 00:00:00','N','Y','N','Invoice Run','INVOICE RUN','2007-12-01 12:00:00','N'),('ezoptions.ie','EZ Option Holdings Ltd','Body Corporate (Ltd,PLC,Company)','Corporate Name',00000600,'Active','2007-12-01','2000-11-10','2007-11-10','2007-11-30 00:00:00','N','Y','N','Invoice Run','INVOICE RUN','2007-12-01 12:00:00','N'),('homestart.ie','Affordable Housing Partnership','Statutory Body','State Agency Name',00000600,'Active','2007-12-01','2007-11-29','2007-11-29','2007-11-30 00:00:00','N','Y','N','Invoice Run','INVOICE RUN','2007-12-01 12:00:00','N'),('isas.ie','Broecker GmbH','Body Corporate (Ltd,PLC,Company)','Corporate Name',00000600,'Active','2007-12-01','1996-11-24','2007-11-24','2007-11-30 00:00:00','N','Y','N','Invoice Run','INVOICE RUN','2007-12-01 12:00:00','N'),('multy.ie','Multy Products Ltd.','Body Corporate (Ltd,PLC,Company)','Corporate Name',00000600,'Active','2007-12-01','1996-11-07','2007-11-07','2007-11-30 00:00:00','N','Y','N','Invoice Run','INVOICE RUN','2007-12-01 12:00:00','N'),('offalyleader.ie','Offaly Leader 2 ltd (Body Corporate)','Body Corporate (Ltd,PLC,Company)','Registered Business Name',00000600,'Active','2007-12-01','1999-11-08','2007-11-08','2007-11-30 00:00:00','N','Y','N','Invoice Run','INVOICE RUN','2007-12-01 12:00:00','N'),('revenuenews.ie','Revenue Commissioners','Discretionary Applicant','Discretionary Name',00000600,'Active','2007-12-01','2000-11-16','2007-11-16','2007-11-30 00:00:00','N','Y','N','Invoice Run','INVOICE RUN','2007-12-01 12:00:00','N'),('accessorize.ie','Conran Properties Ltd','Body Corporate (Ltd,PLC,Company)','Corporate Name',00000600,'Active','2008-01-01','1998-12-17','2007-12-17','2007-12-31 00:00:00','N','Y','N','Invoice Run','INVOICE RUN','2008-01-01 12:00:00','N'),('antnic.ie','Nicholas  Anthony Limited','Body Corporate (Ltd,PLC,Company)','Corporate Name',00000600,'Active','2008-01-01','1998-12-03','2007-12-03','2007-12-31 00:00:00','N','Y','N','Invoice Run','INVOICE RUN','2008-01-01 12:00:00','N'),('atlanticarchitects.ie','Atlantic Architects Ltd','Body Corporate (Ltd,PLC,Company)','Corporate Name',00000600,'Active','2008-01-01','2003-12-12','2007-12-12','2007-12-31 00:00:00','N','Y','N','Invoice Run','INVOICE RUN','2008-01-01 12:00:00','N'),('changeyourbank.ie','Bank of Scotland (Ireland)','Body Corporate (Ltd,PLC,Company)','Discretionary Name',00000600,'Active','2008-01-01','2004-12-08','2007-12-08','2007-12-31 00:00:00','N','Y','N','Invoice Run','INVOICE RUN','2008-01-01 12:00:00','N'),('easyswitch.ie','Bank of Scotland (Ireland)','Body Corporate (Ltd,PLC,Company)','Discretionary Name',00000600,'Active','2008-01-01','2004-12-08','2007-12-08','2007-12-31 00:00:00','N','Y','N','Invoice Run','INVOICE RUN','2008-01-01 12:00:00','N'),('edi.ie','EDI Factory Ltd','Body Corporate (Ltd,PLC,Company)','Corporate Name',00000600,'Active','2008-01-01','1996-12-03','2007-12-03','2007-12-31 00:00:00','N','Y','N','Invoice Run','INVOICE RUN','2008-01-01 12:00:00','N'),('etcl.ie','Ergo Treasury Centre Limited','Body Corporate (Ltd,PLC,Company)','Corporate Name',00000600,'Active','2008-01-01','2002-12-10','2007-12-10','2007-12-31 00:00:00','N','Y','N','Invoice Run','INVOICE RUN','2008-01-01 12:00:00','N'),('millerg.ie','Miller Group Ltd','Body Corporate (Ltd,PLC,Company)','Corporate Name',00000600,'Active','2008-01-01','1999-12-17','2007-12-17','2007-12-31 00:00:00','N','Y','N','Invoice Run','INVOICE RUN','2008-01-01 12:00:00','N'),('olympiacapital.ie','Olympia Capital (Ireland) Ltd','Body Corporate (Ltd,PLC,Company)','Corporate Name',00000600,'Active','2008-01-01','1998-09-08','2007-12-31','2007-12-31 00:00:00','N','Y','N','Invoice Run','INVOICE RUN','2008-01-01 12:00:00','N'),('switchmyaccount.ie','Bank of Scotland (Ireland)','Body Corporate (Ltd,PLC,Company)','Discretionary Name',00000600,'Active','2008-01-01','2004-12-08','2007-12-08','2007-12-31 00:00:00','N','Y','N','Invoice Run','INVOICE RUN','2008-01-01 12:00:00','N'),('wewantyou.ie','Bank of Scotland (Ireland)','Body Corporate (Ltd,PLC,Company)','Discretionary Name',00000600,'Active','2008-01-01','2004-12-08','2007-12-08','2007-12-31 00:00:00','N','Y','N','Invoice Run','INVOICE RUN','2008-01-01 12:00:00','N'),('barrtribunal.ie','Department of Justice  Equality and Law Reform','Statutory Body','Discretionary Name',00000600,'Active','2008-02-01','2003-01-22','2008-01-22','2008-01-31 00:00:00','N','Y','N','Invoice Run','INVOICE RUN','2008-02-01 12:00:00','N'),('bolandryan.ie','Boland Ryan Limited','Body Corporate (Ltd,PLC,Company)','Corporate Name',00000600,'Active','2008-02-01','2003-01-09','2008-01-09','2008-01-31 00:00:00','N','Y','N','Invoice Run','INVOICE RUN','2008-02-01 12:00:00','N'),('carrollkinsella.ie','Carroll & Kinsella Motors Ltd.','Body Corporate (Ltd,PLC,Company)','Corporate Name',00000600,'Active','2008-02-01','1999-01-28','2008-01-28','2008-01-31 00:00:00','N','Y','N','Invoice Run','INVOICE RUN','2008-02-01 12:00:00','N'),('forrestprint.ie','Forrest Print & Stationary Ltd','Body Corporate (Ltd,PLC,Company)','Corporate Name',00000600,'Active','2008-02-01','2001-01-29','2008-01-29','2008-01-31 00:00:00','N','Y','N','Invoice Run','INVOICE RUN','2008-02-01 12:00:00','N'),('dolmendirect.ie','Dolmen Direct Ltd','Body Corporate (Ltd,PLC,Company)','Corporate Name',00000600,'Active','2008-03-01','2000-02-17','2008-02-17','2008-02-29 00:00:00','N','Y','N','Invoice Run','INVOICE RUN','2008-03-01 12:00:00','N'),('iifpmec.ie','IIF Process Mechanical and Electrical Contractors 108255','Body Corporate (Ltd,PLC,Company)','Corporate Name',00000600,'Active','2008-03-01','2000-02-23','2008-02-23','2008-02-29 00:00:00','N','Y','N','Invoice Run','INVOICE RUN','2008-03-01 12:00:00','N'),('irelandinspires.ie','FAILTE IRELAND','Body Corporate (Ltd,PLC,Company)','Corporate Name',00000600,'Active','2008-03-01','2007-02-27','2008-02-27','2008-02-29 00:00:00','N','Y','N','Invoice Run','INVOICE RUN','2008-03-01 12:00:00','N'),('revcom.ie','Revenue Comissioners','Unincorporated Association','Unincorporated Association Name',00000600,'Active','2008-03-01','1997-02-05','2008-02-05','2008-02-29 00:00:00','N','Y','N','Invoice Run','INVOICE RUN','2008-03-01 12:00:00','N'),('independentsmerchants.ie','Independent Merchants Ltd','Body Corporate (Ltd,PLC,Company)','Corporate Name',00000600,'Active','2008-04-01','2002-03-06','2008-03-06','2008-03-30 23:00:00','N','Y','N','Invoice Run','INVOICE RUN','2008-04-01 12:00:00','N'),('littlebird.ie','Little bird Television Ltd.','Body Corporate (Ltd,PLC,Company)','Corporate Name',00000600,'Active','2008-04-01','2000-01-21','2008-03-31','2008-03-30 23:00:00','N','Y','N','Invoice Run','INVOICE RUN','2008-04-01 12:00:00','N'),('mgl.ie','Miller Group Limited','Body Corporate (Ltd,PLC,Company)','Corporate Name',00000600,'Active','2008-04-01','1999-03-05','2008-03-05','2008-03-30 23:00:00','N','Y','N','Invoice Run','INVOICE RUN','2008-04-01 12:00:00','N'),('pdpar.ie','PROJECT DELIVERY PARTNERS LIMITED','Body Corporate (Ltd,PLC,Company)','Corporate Name',00000600,'Active','2008-04-01','2000-03-22','2008-03-22','2008-03-30 23:00:00','N','Y','N','Invoice Run','INVOICE RUN','2008-04-01 12:00:00','N'),('rentokilpestcontrol.ie','Rentokil Initial Ltd','BODY CORPORATE (LTD,PLC,COMPANY)','REGISTERED BUSINESS NAME',00000600,'Active','2008-04-01','2006-03-01','2008-03-01','2008-03-30 23:00:00','N','Y','N','Invoice Run','INVOICE RUN','2008-04-01 12:00:00','N'),('speko.ie','Speko Distributors','Body Corporate (Ltd,PLC,Company)','Corporate Name',00000600,'Active','2008-04-01','2001-03-08','2008-03-08','2008-03-30 23:00:00','N','Y','N','Invoice Run','INVOICE RUN','2008-04-01 12:00:00','N'),('avicontravel.ie','Avicon Consultancy Services Limited','Body Corporate (Ltd,PLC,Company)','Registered Business Name',00000600,'Active','2003-11-27','2003-11-27','2009-11-27','2008-11-30 00:00:00','N','Y','Y','Hi Guys \r\n\r\nFaxing over the dox for this domain submission\r\n\r\nRegards\r\n\r\nDeirdre Malone\r\nEsat BT','INVOICE RUN','2008-12-01 12:00:00','N'),('ezoption.ie','EZ Option Holdings Ltd','Body Corporate (Ltd,PLC,Company)','Corporate Name',00000600,'Active','2002-12-11','2000-11-14','2009-11-14','2008-11-30 00:00:00','N','Y','Y','changed admin by name','INVOICE RUN','2008-12-01 12:00:00','N'),('ezoptions.ie','EZ Option Holdings Ltd','Body Corporate (Ltd,PLC,Company)','Corporate Name',00000600,'Active','2002-12-11','2000-11-10','2009-11-10','2008-11-30 00:00:00','N','Y','Y','changed admin by name','INVOICE RUN','2008-12-01 12:00:00','N'),('homestart.ie','Affordable Housing Partnership','Statutory Body','State Agency Name',00000600,'Active','2007-11-29','2007-11-29','2009-11-29','2008-11-30 00:00:00','N','Y','N','Sending letter from customer via attachment in email','INVOICE RUN','2008-12-01 12:00:00','N'),('isas.ie','Broecker GmbH','Body Corporate (Ltd,PLC,Company)','Corporate Name',00000600,'Active','2002-12-11','1996-11-24','2009-11-24','2008-11-30 00:00:00','N','Y','Y','Mass Merge transferring to account 00000600','INVOICE RUN','2008-12-01 12:00:00','N'),('multy.ie','Multy Products Ltd.','Body Corporate (Ltd,PLC,Company)','Corporate Name',00000600,'Active','2002-12-11','1996-11-07','2009-11-07','2008-11-30 00:00:00','N','Y','Y','Flipped Ren/Reg dates','INVOICE RUN','2008-12-01 12:00:00','N'),('offalyleader.ie','Offaly Leader 2 ltd (Body Corporate)','Body Corporate (Ltd,PLC,Company)','Registered Business Name',00000600,'Active','2002-12-11','1999-11-08','2009-11-08','2008-11-30 00:00:00','N','Y','Y','amended tech-c as was by name','INVOICE RUN','2008-12-01 12:00:00','N'),('revenuenews.ie','Revenue Commissioners','Discretionary Applicant','Discretionary Name',00000600,'Active','2002-12-11','2000-11-16','2009-11-16','2008-11-30 00:00:00','N','Y','Y','changed admin by name','INVOICE RUN','2008-12-01 12:00:00','N'),('accessorize.ie','Conran Properties Ltd','Body Corporate (Ltd,PLC,Company)','Corporate Name',00000600,'Active','2002-12-11','1998-12-17','2009-12-17','2008-12-31 00:00:00','N','Y','Y','Mass Merge transferring to account 00000600','INVOICE RUN','2009-01-01 12:00:00','N'),('antnic.ie','Nicholas, Anthony Limited','Body Corporate (Ltd,PLC,Company)','Corporate Name',00000600,'Active','2002-12-11','1998-12-03','2009-12-03','2008-12-31 00:00:00','N','Y','Y','Mass Merge transferring to account 00000600','INVOICE RUN','2009-01-01 12:00:00','N'),('atlanticarchitects.ie','Atlantic Architects Ltd','Body Corporate (Ltd,PLC,Company)','Corporate Name',00000600,'Active','2003-12-12','2003-12-12','2009-12-12','2008-12-31 00:00:00','N','Y','Y','Hi Guys \r\n\r\nFaxing the dox for this domain\r\n\r\nRegards\r\n\r\nDeirdre Malone\r\nEsat BT','INVOICE RUN','2009-01-01 12:00:00','N'),('changeyourbank.ie','Bank of Scotland (Ireland)','Body Corporate (Ltd,PLC,Company)','Discretionary Name',00000600,'Active','2004-12-08','2004-12-08','2009-12-08','2008-12-31 00:00:00','N','Y','Y','CRO: 8545','INVOICE RUN','2009-01-01 12:00:00','N'),('easyswitch.ie','Bank of Scotland (Ireland)','Body Corporate (Ltd,PLC,Company)','Discretionary Name',00000600,'Active','2004-12-08','2004-12-08','2009-12-08','2008-12-31 00:00:00','N','Y','Y','CRO: 8545','INVOICE RUN','2009-01-01 12:00:00','N'),('edi.ie','EDI Factory Ltd','Body Corporate (Ltd,PLC,Company)','Corporate Name',00000600,'Active','2002-12-11','1996-12-03','2009-12-03','2008-12-31 00:00:00','N','Y','Y','Mass Merge transferring to account 00000600','INVOICE RUN','2009-01-01 12:00:00','N'),('etcl.ie','Ergo Treasury Centre Limited','Body Corporate (Ltd,PLC,Company)','Corporate Name',00000600,'Active','2002-12-11','2002-12-10','2009-12-10','2008-12-31 00:00:00','N','Y','Y','Mass Merge transferring to account 00000600','INVOICE RUN','2009-01-01 12:00:00','N'),('millerg.ie','Miller Group Ltd','Body Corporate (Ltd,PLC,Company)','Corporate Name',00000600,'Active','2002-12-11','1999-12-17','2009-12-17','2008-12-31 00:00:00','N','Y','Y','Mass Merge transferring to account 00000600','INVOICE RUN','2009-01-01 12:00:00','N'),('olympiacapital.ie','Olympia Capital (Ireland) Ltd','Body Corporate (Ltd,PLC,Company)','Corporate Name',00000600,'Active','2002-09-07','1998-09-08','2009-12-31','2008-12-31 00:00:00','N','Y','Y','Please note that this domain has been transferred to Esat for modification','INVOICE RUN','2009-01-01 12:00:00','N'),('switchmyaccount.ie','Bank of Scotland (Ireland)','Body Corporate (Ltd,PLC,Company)','Discretionary Name',00000600,'Active','2004-12-08','2004-12-08','2009-12-08','2008-12-31 00:00:00','N','Y','Y','CRO: 8545','INVOICE RUN','2009-01-01 12:00:00','N'),('wewantyou.ie','Bank of Scotland (Ireland)','Body Corporate (Ltd,PLC,Company)','Discretionary Name',00000600,'Active','2004-12-08','2004-12-08','2009-12-08','2008-12-31 00:00:00','N','Y','Y','CRO: 8545','INVOICE RUN','2009-01-01 12:00:00','N'),('barrtribunal.ie','Department of Justice, Equality and Law Reform','Statutory Body','Discretionary Name',00000600,'Active','2003-01-22','2003-01-22','2010-01-22','2009-01-31 00:00:00','N','Y','Y','','INVOICE RUN','2009-02-01 12:00:00','N'),('bolandryan.ie','Boland Ryan Limited','Body Corporate (Ltd,PLC,Company)','Corporate Name',00000600,'Active','2003-01-09','2003-01-09','2010-01-09','2009-01-31 00:00:00','N','Y','Y','COI: 45292','INVOICE RUN','2009-02-01 12:00:00','N'),('carrollkinsella.ie','Carroll & Kinsella Motors Ltd.','Body Corporate (Ltd,PLC,Company)','Corporate Name',00000600,'Active','2002-12-11','1999-01-28','2010-01-28','2009-01-31 00:00:00','N','Y','Y','Mass Merge transferring to account 00000600','INVOICE RUN','2009-02-01 12:00:00','N'),('forrestprint.ie','Forrest Print & Stationary Ltd','Body Corporate (Ltd,PLC,Company)','Corporate Name',00000600,'Active','2002-12-11','2001-01-29','2010-01-29','2009-01-31 00:00:00','N','Y','Y','Mass Merge transferring to account 00000600','INVOICE RUN','2009-02-01 12:00:00','N'),('dolmendirect.ie','Dolmen Direct Ltd','Body Corporate (Ltd,PLC,Company)','Corporate Name',00000600,'Active','2002-12-11','2000-02-17','2010-02-17','2009-02-28 00:00:00','N','Y','Y','Suspended Via Console','INVOICE RUN','2009-03-01 12:00:00','N'),('iifpmec.ie','IIF Process Mechanical and Electrical Contractors 108255','Body Corporate (Ltd,PLC,Company)','Corporate Name',00000600,'Active','2002-12-11','2000-02-23','2010-02-23','2009-02-28 00:00:00','N','Y','Y','Suspended Via Console','INVOICE RUN','2009-03-01 12:00:00','N'),('irelandinspires.ie','FAILTE IRELAND','Body Corporate (Ltd,PLC,Company)','Corporate Name',00000600,'Active','2007-02-27','2007-02-27','2010-02-27','2009-02-28 00:00:00','N','Y','N','Suspended Via Console','INVOICE RUN','2009-03-01 12:00:00','N'),('revcom.ie','Revenue Comissioners','Unincorporated Association','Unincorporated Association Name',00000600,'Active','2002-12-11','1997-02-05','2010-02-05','2009-02-28 00:00:00','N','Y','','Suspended Via Console','INVOICE RUN','2009-03-01 12:00:00','N'),('independentsmerchants.ie','Independent Merchants Ltd','Body Corporate (Ltd,PLC,Company)','Corporate Name',00000600,'Active','2002-12-11','2002-03-06','2010-03-06','2009-03-30 23:00:00','N','Y','Y','Mass Merge transferring to account 00000600','INVOICE RUN','2009-04-01 12:00:00','N'),('littlebird.ie','Little bird Television Ltd.','Body Corporate (Ltd,PLC,Company)','Corporate Name',00000600,'Active','2002-12-11','2000-01-21','2010-03-31','2009-03-30 23:00:00','N','Y','','inserted class and cat.','INVOICE RUN','2009-04-01 12:00:00','N'),('mgl.ie','Miller Group Limited','Body Corporate (Ltd,PLC,Company)','Corporate Name',00000600,'Active','2002-12-11','1999-03-05','2010-03-05','2009-03-30 23:00:00','N','Y','Y','Mass Merge transferring to account 00000600','INVOICE RUN','2009-04-01 12:00:00','N'),('pdpar.ie','PROJECT DELIVERY PARTNERS LIMITED','Body Corporate (Ltd,PLC,Company)','Corporate Name',00000600,'Active','2002-12-11','2000-03-22','2010-03-22','2009-03-30 23:00:00','N','Y','','Updated class and category ','INVOICE RUN','2009-04-01 12:00:00','N'),('rentokilpestcontrol.ie','Rentokil Initial Ltd','BODY CORPORATE (LTD,PLC,COMPANY)','REGISTERED BUSINESS NAME',00000600,'Active','2006-03-01','2006-03-01','2010-03-01','2009-03-30 23:00:00','N','Y','Y','Hi lads\r\nbiz reg for this application is 153336, ','INVOICE RUN','2009-04-01 12:00:00','N'),('speko.ie','Speko Distributors','Body Corporate (Ltd,PLC,Company)','Corporate Name',00000600,'Active','2002-12-11','2001-03-08','2010-03-08','2009-03-30 23:00:00','N','Y','Y','Mass Merge transferring to account 00000600','INVOICE RUN','2009-04-01 12:00:00','N'),('avicontravel.ie','Avicon Consultancy Services Limited','Body Corporate (Ltd,PLC,Company)','Registered Business Name',00000600,'Active','2003-11-27','2003-11-27','2009-11-27','2008-12-23 08:59:12','N','Y','Y','Hi Guys \r\n\r\nFaxing over the dox for this domain submission\r\n\r\nRegards\r\n\r\nDeirdre Malone\r\nEsat BT','ROBIN-IEDR','2009-12-01 14:14:08','N'),('ezoption.ie','EZ Option Holdings Ltd','Body Corporate (Ltd,PLC,Company)','Corporate Name',00000600,'Active','2002-12-11','2000-11-14','2009-11-14','2008-12-23 08:59:12','N','Y','Y','changed admin by name','ROBIN-IEDR','2009-12-01 14:14:08','N'),('ezoptions.ie','EZ Option Holdings Ltd','Body Corporate (Ltd,PLC,Company)','Corporate Name',00000600,'Active','2002-12-11','2000-11-10','2009-11-10','2008-12-23 08:59:12','N','Y','Y','changed admin by name','ROBIN-IEDR','2009-12-01 14:14:08','N'),('homestart.ie','Affordable Housing Partnership','Statutory Body','State Agency Name',00000600,'Active','2007-11-29','2007-11-29','2009-11-29','2008-12-23 08:59:12','N','Y','N','Sending letter from customer via attachment in email','ROBIN-IEDR','2009-12-01 14:14:08','N'),('isas.ie','Broecker GmbH','Body Corporate (Ltd,PLC,Company)','Corporate Name',00000600,'Active','2002-12-11','1996-11-24','2009-11-24','2008-12-23 08:59:12','N','Y','Y','Mass Merge transferring to account 00000600','ROBIN-IEDR','2009-12-01 14:14:08','N'),('multy.ie','Multy Products Ltd.','Body Corporate (Ltd,PLC,Company)','Corporate Name',00000600,'Active','2002-12-11','1996-11-07','2009-11-07','2008-12-23 08:59:12','N','Y','Y','Flipped Ren/Reg dates','ROBIN-IEDR','2009-12-01 14:14:08','N'),('offalyleader.ie','Offaly Leader 2 ltd (Body Corporate)','Body Corporate (Ltd,PLC,Company)','Registered Business Name',00000600,'Active','2002-12-11','1999-11-08','2009-11-08','2008-12-23 08:59:12','N','Y','Y','amended tech-c as was by name','ROBIN-IEDR','2009-12-01 14:14:08','N'),('revenuenews.ie','Revenue Commissioners','Discretionary Applicant','Discretionary Name',00000600,'Active','2002-12-11','2000-11-16','2009-11-16','2008-12-23 08:59:12','N','Y','Y','changed admin by name','ROBIN-IEDR','2009-12-01 14:14:08','N'),('avicontravel.ie','Avicon Consultancy Services Limited','Body Corporate (Ltd,PLC,Company)','Registered Business Name',00000600,'Active','2009-12-01','2003-11-27','2009-11-27','2009-12-01 14:14:47','N','Y','Y','RR Invoice Run 20091201','ROBIN-IEDR','2009-12-11 11:07:57','N'),('ezoption.ie','EZ Option Holdings Ltd','Body Corporate (Ltd,PLC,Company)','Corporate Name',00000600,'Active','2009-12-01','2000-11-14','2009-11-14','2009-12-01 14:14:47','N','Y','Y','RR Invoice Run 20091201','ROBIN-IEDR','2009-12-11 11:07:57','N'),('ezoptions.ie','EZ Option Holdings Ltd','Body Corporate (Ltd,PLC,Company)','Corporate Name',00000600,'Active','2009-12-01','2000-11-10','2009-11-10','2009-12-01 14:14:47','N','Y','Y','RR Invoice Run 20091201','ROBIN-IEDR','2009-12-11 11:07:57','N'),('homestart.ie','Affordable Housing Partnership','Statutory Body','State Agency Name',00000600,'Active','2009-12-01','2007-11-29','2009-11-29','2009-12-01 14:14:47','N','Y','N','RR Invoice Run 20091201','ROBIN-IEDR','2009-12-11 11:07:57','N'),('isas.ie','Broecker GmbH','Body Corporate (Ltd,PLC,Company)','Corporate Name',00000600,'Active','2009-12-01','1996-11-24','2009-11-24','2009-12-01 14:14:47','N','Y','Y','RR Invoice Run 20091201','ROBIN-IEDR','2009-12-11 11:07:57','N'),('multy.ie','Multy Products Ltd.','Body Corporate (Ltd,PLC,Company)','Corporate Name',00000600,'Active','2009-12-01','1996-11-07','2009-11-07','2009-12-01 14:14:47','N','Y','Y','RR Invoice Run 20091201','ROBIN-IEDR','2009-12-11 11:07:57','N'),('offalyleader.ie','Offaly Leader 2 ltd (Body Corporate)','Body Corporate (Ltd,PLC,Company)','Registered Business Name',00000600,'Active','2009-12-01','1999-11-08','2009-11-08','2009-12-01 14:14:47','N','Y','Y','RR Invoice Run 20091201','ROBIN-IEDR','2009-12-11 11:07:57','N'),('revenuenews.ie','Revenue Commissioners','Discretionary Applicant','Discretionary Name',00000600,'Active','2009-12-01','2000-11-16','2009-11-16','2009-12-01 14:14:47','N','Y','Y','RR Invoice Run 20091201','ROBIN-IEDR','2009-12-11 11:07:57','N'),('avicontravel.ie','Avicon Consultancy Services Limited','Body Corporate (Ltd,PLC,Company)','Registered Business Name',00000600,'Active','2009-12-11','2003-11-27','2009-11-27','2009-12-11 11:07:59','N','Y','Y','Offline Payment Selected by INO1-IEDR on December 11 2009 11:07 am','CONSOLE','2009-12-17 09:32:22','N'),('ezoption.ie','EZ Option Holdings Ltd','Body Corporate (Ltd,PLC,Company)','Corporate Name',00000600,'Active','2009-12-11','2000-11-14','2009-11-14','2009-12-11 11:07:59','N','Y','Y','Offline Payment Selected by INO1-IEDR on December 11 2009 11:07 am','CONSOLE','2009-12-17 09:32:22','N'),('ezoptions.ie','EZ Option Holdings Ltd','Body Corporate (Ltd,PLC,Company)','Corporate Name',00000600,'Active','2009-12-11','2000-11-10','2009-11-10','2009-12-11 11:07:59','N','Y','Y','Offline Payment Selected by INO1-IEDR on December 11 2009 11:07 am','CONSOLE','2009-12-17 09:32:22','N'),('homestart.ie','Affordable Housing Partnership','Statutory Body','State Agency Name',00000600,'Active','2009-12-11','2007-11-29','2009-11-29','2009-12-11 11:07:59','N','Y','N','Offline Payment Selected by INO1-IEDR on December 11 2009 11:07 am','CONSOLE','2009-12-17 09:32:22','N'),('isas.ie','Broecker GmbH','Body Corporate (Ltd,PLC,Company)','Corporate Name',00000600,'Active','2009-12-11','1996-11-24','2009-11-24','2009-12-11 11:07:59','N','Y','Y','Offline Payment Selected by INO1-IEDR on December 11 2009 11:07 am','CONSOLE','2009-12-17 09:32:22','N'),('multy.ie','Multy Products Ltd.','Body Corporate (Ltd,PLC,Company)','Corporate Name',00000600,'Active','2009-12-11','1996-11-07','2009-11-07','2009-12-11 11:07:59','N','Y','Y','Offline Payment Selected by INO1-IEDR on December 11 2009 11:07 am','CONSOLE','2009-12-17 09:32:22','N'),('offalyleader.ie','Offaly Leader 2 ltd (Body Corporate)','Body Corporate (Ltd,PLC,Company)','Registered Business Name',00000600,'Active','2009-12-11','1999-11-08','2009-11-08','2009-12-11 11:07:59','N','Y','Y','Offline Payment Selected by INO1-IEDR on December 11 2009 11:07 am','CONSOLE','2009-12-17 09:32:22','N'),('revenuenews.ie','Revenue Commissioners','Discretionary Applicant','Discretionary Name',00000600,'Active','2009-12-11','2000-11-16','2009-11-16','2009-12-11 11:07:59','N','Y','Y','Offline Payment Selected by INO1-IEDR on December 11 2009 11:07 am','CONSOLE','2009-12-17 09:32:22','N'),('accessorize.ie','Conran Properties Ltd','Body Corporate (Ltd,PLC,Company)','Corporate Name',00000600,'Active','2002-12-11','1998-12-17','2009-12-17','2009-01-28 14:31:09','N','Y','Y','Mass Merge transferring to account 00000600','ROBIN-IEDR','2010-01-04 14:15:52','N'),('antnic.ie','Nicholas, Anthony Limited','Body Corporate (Ltd,PLC,Company)','Corporate Name',00000600,'Active','2002-12-11','1998-12-03','2009-12-03','2009-01-28 14:31:09','N','Y','Y','Mass Merge transferring to account 00000600','ROBIN-IEDR','2010-01-04 14:15:52','N'),('atlanticarchitects.ie','Atlantic Architects Ltd','Body Corporate (Ltd,PLC,Company)','Corporate Name',00000600,'Active','2003-12-12','2003-12-12','2009-12-12','2009-01-28 14:31:09','N','Y','Y','Hi Guys \r\n\r\nFaxing the dox for this domain\r\n\r\nRegards\r\n\r\nDeirdre Malone\r\nEsat BT','ROBIN-IEDR','2010-01-04 14:15:52','N'),('changeyourbank.ie','Bank of Scotland (Ireland)','Body Corporate (Ltd,PLC,Company)','Discretionary Name',00000600,'Active','2004-12-08','2004-12-08','2009-12-08','2009-01-28 14:31:09','N','Y','Y','CRO: 8545','ROBIN-IEDR','2010-01-04 14:15:52','N'),('easyswitch.ie','Bank of Scotland (Ireland)','Body Corporate (Ltd,PLC,Company)','Discretionary Name',00000600,'Active','2004-12-08','2004-12-08','2009-12-08','2009-01-28 14:31:09','N','Y','Y','CRO: 8545','ROBIN-IEDR','2010-01-04 14:15:52','N'),('edi.ie','EDI Factory Ltd','Body Corporate (Ltd,PLC,Company)','Corporate Name',00000600,'Active','2002-12-11','1996-12-03','2009-12-03','2009-01-28 14:31:09','N','Y','Y','Mass Merge transferring to account 00000600','ROBIN-IEDR','2010-01-04 14:15:52','N'),('etcl.ie','Ergo Treasury Centre Limited','Body Corporate (Ltd,PLC,Company)','Corporate Name',00000600,'Active','2002-12-11','2002-12-10','2009-12-10','2009-01-28 14:31:09','N','Y','Y','Mass Merge transferring to account 00000600','ROBIN-IEDR','2010-01-04 14:15:52','N'),('millerg.ie','Miller Group Ltd','Body Corporate (Ltd,PLC,Company)','Corporate Name',00000600,'Active','2002-12-11','1999-12-17','2009-12-17','2009-01-28 14:31:09','N','Y','Y','Mass Merge transferring to account 00000600','ROBIN-IEDR','2010-01-04 14:15:52','N'),('olympiacapital.ie','Olympia Capital (Ireland) Ltd','Body Corporate (Ltd,PLC,Company)','Corporate Name',00000600,'Active','2002-09-07','1998-09-08','2009-12-31','2009-01-28 14:31:09','N','Y','Y','Please note that this domain has been transferred to Esat for modification','ROBIN-IEDR','2010-01-04 14:15:52','N'),('switchmyaccount.ie','Bank of Scotland (Ireland)','Body Corporate (Ltd,PLC,Company)','Discretionary Name',00000600,'Active','2004-12-08','2004-12-08','2009-12-08','2009-01-28 14:31:09','N','Y','Y','CRO: 8545','ROBIN-IEDR','2010-01-04 14:15:52','N'),('wewantyou.ie','Bank of Scotland (Ireland)','Body Corporate (Ltd,PLC,Company)','Discretionary Name',00000600,'Active','2004-12-08','2004-12-08','2009-12-08','2009-01-28 14:31:09','N','Y','Y','CRO: 8545','ROBIN-IEDR','2010-01-04 14:15:52','N'),('accessorize.ie','Conran Properties Ltd','Body Corporate (Ltd,PLC,Company)','Corporate Name',00000600,'Active','2010-01-04','1998-12-17','2009-12-17','2010-01-04 14:16:21','N','Y','Y','RR Invoice Run 20100104','ROBIN-IEDR','2010-01-18 07:47:55','N'),('antnic.ie','Nicholas, Anthony Limited','Body Corporate (Ltd,PLC,Company)','Corporate Name',00000600,'Active','2010-01-04','1998-12-03','2009-12-03','2010-01-04 14:16:21','N','Y','Y','RR Invoice Run 20100104','ROBIN-IEDR','2010-01-18 07:47:55','N'),('atlanticarchitects.ie','Atlantic Architects Ltd','Body Corporate (Ltd,PLC,Company)','Corporate Name',00000600,'Active','2010-01-04','2003-12-12','2009-12-12','2010-01-04 14:16:21','N','Y','Y','RR Invoice Run 20100104','ROBIN-IEDR','2010-01-18 07:47:55','N'),('changeyourbank.ie','Bank of Scotland (Ireland)','Body Corporate (Ltd,PLC,Company)','Discretionary Name',00000600,'Active','2010-01-04','2004-12-08','2009-12-08','2010-01-04 14:16:21','N','Y','Y','RR Invoice Run 20100104','ROBIN-IEDR','2010-01-18 07:47:55','N'),('easyswitch.ie','Bank of Scotland (Ireland)','Body Corporate (Ltd,PLC,Company)','Discretionary Name',00000600,'Active','2010-01-04','2004-12-08','2009-12-08','2010-01-04 14:16:21','N','Y','Y','RR Invoice Run 20100104','ROBIN-IEDR','2010-01-18 07:47:55','N'),('edi.ie','EDI Factory Ltd','Body Corporate (Ltd,PLC,Company)','Corporate Name',00000600,'Active','2010-01-04','1996-12-03','2009-12-03','2010-01-04 14:16:21','N','Y','Y','RR Invoice Run 20100104','ROBIN-IEDR','2010-01-18 07:47:55','N'),('etcl.ie','Ergo Treasury Centre Limited','Body Corporate (Ltd,PLC,Company)','Corporate Name',00000600,'Active','2010-01-04','2002-12-10','2009-12-10','2010-01-04 14:16:21','N','Y','Y','RR Invoice Run 20100104','ROBIN-IEDR','2010-01-18 07:47:55','N'),('millerg.ie','Miller Group Ltd','Body Corporate (Ltd,PLC,Company)','Corporate Name',00000600,'Active','2010-01-04','1999-12-17','2009-12-17','2010-01-04 14:16:21','N','Y','Y','RR Invoice Run 20100104','ROBIN-IEDR','2010-01-18 07:47:55','N'),('olympiacapital.ie','Olympia Capital (Ireland) Ltd','Body Corporate (Ltd,PLC,Company)','Corporate Name',00000600,'Active','2010-01-04','1998-09-08','2009-12-31','2010-01-04 14:16:21','N','Y','Y','RR Invoice Run 20100104','ROBIN-IEDR','2010-01-18 07:47:55','N'),('switchmyaccount.ie','Bank of Scotland (Ireland)','Body Corporate (Ltd,PLC,Company)','Discretionary Name',00000600,'Active','2010-01-04','2004-12-08','2009-12-08','2010-01-04 14:16:21','N','Y','Y','RR Invoice Run 20100104','ROBIN-IEDR','2010-01-18 07:47:55','N'),('wewantyou.ie','Bank of Scotland (Ireland)','Body Corporate (Ltd,PLC,Company)','Discretionary Name',00000600,'Active','2010-01-04','2004-12-08','2009-12-08','2010-01-04 14:16:21','N','Y','Y','RR Invoice Run 20100104','ROBIN-IEDR','2010-01-18 07:47:55','N'),('accessorize.ie','Conran Properties Ltd','Body Corporate (Ltd,PLC,Company)','Corporate Name',00000600,'Active','2010-01-18','1998-12-17','2009-12-17','2010-01-18 07:47:56','N','Y','Y','Offline Payment Selected by INO1-IEDR on January 18 2010 7:49 am','CONSOLE','2010-01-21 09:33:36','N'),('antnic.ie','Nicholas, Anthony Limited','Body Corporate (Ltd,PLC,Company)','Corporate Name',00000600,'Active','2010-01-18','1998-12-03','2009-12-03','2010-01-18 07:47:56','N','Y','Y','Offline Payment Selected by INO1-IEDR on January 18 2010 7:49 am','CONSOLE','2010-01-21 09:33:36','N'),('atlanticarchitects.ie','Atlantic Architects Ltd','Body Corporate (Ltd,PLC,Company)','Corporate Name',00000600,'Active','2010-01-18','2003-12-12','2009-12-12','2010-01-18 07:47:56','N','Y','Y','Offline Payment Selected by INO1-IEDR on January 18 2010 7:49 am','CONSOLE','2010-01-21 09:33:36','N'),('changeyourbank.ie','Bank of Scotland (Ireland)','Body Corporate (Ltd,PLC,Company)','Discretionary Name',00000600,'Active','2010-01-18','2004-12-08','2009-12-08','2010-01-18 07:47:56','N','Y','Y','Offline Payment Selected by INO1-IEDR on January 18 2010 7:49 am','CONSOLE','2010-01-21 09:33:36','N'),('easyswitch.ie','Bank of Scotland (Ireland)','Body Corporate (Ltd,PLC,Company)','Discretionary Name',00000600,'Active','2010-01-18','2004-12-08','2009-12-08','2010-01-18 07:47:56','N','Y','Y','Offline Payment Selected by INO1-IEDR on January 18 2010 7:49 am','CONSOLE','2010-01-21 09:33:36','N'),('edi.ie','EDI Factory Ltd','Body Corporate (Ltd,PLC,Company)','Corporate Name',00000600,'Active','2010-01-18','1996-12-03','2009-12-03','2010-01-18 07:47:56','N','Y','Y','Offline Payment Selected by INO1-IEDR on January 18 2010 7:49 am','CONSOLE','2010-01-21 09:33:36','N'),('etcl.ie','Ergo Treasury Centre Limited','Body Corporate (Ltd,PLC,Company)','Corporate Name',00000600,'Active','2010-01-18','2002-12-10','2009-12-10','2010-01-18 07:47:56','N','Y','Y','Offline Payment Selected by INO1-IEDR on January 18 2010 7:49 am','CONSOLE','2010-01-21 09:33:36','N'),('millerg.ie','Miller Group Ltd','Body Corporate (Ltd,PLC,Company)','Corporate Name',00000600,'Active','2010-01-18','1999-12-17','2009-12-17','2010-01-18 07:47:56','N','Y','Y','Offline Payment Selected by INO1-IEDR on January 18 2010 7:49 am','CONSOLE','2010-01-21 09:33:36','N'),('olympiacapital.ie','Olympia Capital (Ireland) Ltd','Body Corporate (Ltd,PLC,Company)','Corporate Name',00000600,'Active','2010-01-18','1998-09-08','2009-12-31','2010-01-18 07:47:56','N','Y','Y','Offline Payment Selected by INO1-IEDR on January 18 2010 7:49 am','CONSOLE','2010-01-21 09:33:36','N'),('switchmyaccount.ie','Bank of Scotland (Ireland)','Body Corporate (Ltd,PLC,Company)','Discretionary Name',00000600,'Active','2010-01-18','2004-12-08','2009-12-08','2010-01-18 07:47:56','N','Y','Y','Offline Payment Selected by INO1-IEDR on January 18 2010 7:49 am','CONSOLE','2010-01-21 09:33:36','N'),('wewantyou.ie','Bank of Scotland (Ireland)','Body Corporate (Ltd,PLC,Company)','Discretionary Name',00000600,'Active','2010-01-18','2004-12-08','2009-12-08','2010-01-18 07:47:56','N','Y','Y','Offline Payment Selected by INO1-IEDR on January 18 2010 7:49 am','CONSOLE','2010-01-21 09:33:36','N'),('barrtribunal.ie','Department of Justice, Equality and Law Reform','Statutory Body','Discretionary Name',00000600,'Active','2003-01-22','2003-01-22','2010-01-22','2009-02-19 09:24:29','N','Y','Y','','ROBIN-IEDR','2010-02-01 20:07:08','N'),('bolandryan.ie','Boland Ryan Limited','Body Corporate (Ltd,PLC,Company)','Corporate Name',00000600,'Active','2003-01-09','2003-01-09','2010-01-09','2009-02-19 09:24:29','N','Y','Y','COI: 45292','ROBIN-IEDR','2010-02-01 20:07:08','N'),('carrollkinsella.ie','Carroll & Kinsella Motors Ltd.','Body Corporate (Ltd,PLC,Company)','Corporate Name',00000600,'Active','2002-12-11','1999-01-28','2010-01-28','2009-02-19 09:24:29','N','Y','Y','Mass Merge transferring to account 00000600','ROBIN-IEDR','2010-02-01 20:07:08','N'),('forrestprint.ie','Forrest Print & Stationary Ltd','Body Corporate (Ltd,PLC,Company)','Corporate Name',00000600,'Active','2002-12-11','2001-01-29','2010-01-29','2009-02-19 09:24:29','N','Y','Y','Mass Merge transferring to account 00000600','ROBIN-IEDR','2010-02-01 20:07:08','N'),('barrtribunal.ie','Department of Justice, Equality and Law Reform','Statutory Body','Discretionary Name',00000600,'Active','2010-02-01','2003-01-22','2010-01-22','2010-02-01 20:07:47','N','Y','Y','RR Invoice Run 20100201','ROBIN-IEDR','2010-02-16 13:51:21','N'),('bolandryan.ie','Boland Ryan Limited','Body Corporate (Ltd,PLC,Company)','Corporate Name',00000600,'Active','2010-02-01','2003-01-09','2010-01-09','2010-02-01 20:07:47','N','Y','Y','RR Invoice Run 20100201','ROBIN-IEDR','2010-02-16 13:51:21','N'),('carrollkinsella.ie','Carroll & Kinsella Motors Ltd.','Body Corporate (Ltd,PLC,Company)','Corporate Name',00000600,'Active','2010-02-01','1999-01-28','2010-01-28','2010-02-01 20:07:47','N','Y','Y','RR Invoice Run 20100201','ROBIN-IEDR','2010-02-16 13:51:21','N'),('forrestprint.ie','Forrest Print & Stationary Ltd','Body Corporate (Ltd,PLC,Company)','Corporate Name',00000600,'Active','2010-02-01','2001-01-29','2010-01-29','2010-02-01 20:07:47','N','Y','Y','RR Invoice Run 20100201','ROBIN-IEDR','2010-02-16 13:51:21','N'),('barrtribunal.ie','Department of Justice, Equality and Law Reform','Statutory Body','Discretionary Name',00000600,'Active','2010-02-16','2003-01-22','2010-01-22','2010-02-16 13:51:22','N','Y','Y','Offline Payment Selected by INO1-IEDR on February 16 2010 1:51 pm','CONSOLE','2010-02-23 10:29:51','N'),('bolandryan.ie','Boland Ryan Limited','Body Corporate (Ltd,PLC,Company)','Corporate Name',00000600,'Active','2010-02-16','2003-01-09','2010-01-09','2010-02-16 13:51:22','N','Y','Y','Offline Payment Selected by INO1-IEDR on February 16 2010 1:51 pm','CONSOLE','2010-02-23 10:29:51','N'),('carrollkinsella.ie','Carroll & Kinsella Motors Ltd.','Body Corporate (Ltd,PLC,Company)','Corporate Name',00000600,'Active','2010-02-16','1999-01-28','2010-01-28','2010-02-16 13:51:22','N','Y','Y','Offline Payment Selected by INO1-IEDR on February 16 2010 1:51 pm','CONSOLE','2010-02-23 10:29:51','N'),('forrestprint.ie','Forrest Print & Stationary Ltd','Body Corporate (Ltd,PLC,Company)','Corporate Name',00000600,'Active','2010-02-16','2001-01-29','2010-01-29','2010-02-16 13:51:22','N','Y','Y','Offline Payment Selected by INO1-IEDR on February 16 2010 1:51 pm','CONSOLE','2010-02-23 10:29:51','N'),('dolmendirect.ie','Dolmen Direct Ltd','Body Corporate (Ltd,PLC,Company)','Corporate Name',00000600,'Active','2002-12-11','2000-02-17','2010-02-17','2009-03-19 09:15:32','N','Y','Y','Suspended Via Console','ROBIN-IEDR','2010-03-01 17:26:16','N'),('iifpmec.ie','IIF Process Mechanical and Electrical Contractors 108255','Body Corporate (Ltd,PLC,Company)','Corporate Name',00000600,'Active','2002-12-11','2000-02-23','2010-02-23','2009-03-19 09:15:32','N','Y','Y','Suspended Via Console','ROBIN-IEDR','2010-03-01 17:26:16','N'),('irelandinspires.ie','FAILTE IRELAND','Body Corporate (Ltd,PLC,Company)','Corporate Name',00000600,'Active','2007-02-27','2007-02-27','2010-02-27','2009-03-19 09:15:32','N','Y','N','Suspended Via Console','ROBIN-IEDR','2010-03-01 17:26:16','N'),('revcom.ie','Revenue Comissioners','Unincorporated Association','Unincorporated Association Name',00000600,'Active','2002-12-11','1997-02-05','2010-02-05','2009-03-19 09:15:32','N','Y','','Suspended Via Console','ROBIN-IEDR','2010-03-01 17:26:16','N'),('dolmendirect.ie','Dolmen Direct Ltd','Body Corporate (Ltd,PLC,Company)','Corporate Name',00000600,'Active','2010-03-01','2000-02-17','2010-02-17','2010-03-01 17:26:45','N','Y','Y','RR Invoice Run 20100301','ROBIN-IEDR','2010-03-12 15:22:59','N'),('iifpmec.ie','IIF Process Mechanical and Electrical Contractors 108255','Body Corporate (Ltd,PLC,Company)','Corporate Name',00000600,'Active','2010-03-01','2000-02-23','2010-02-23','2010-03-01 17:26:45','N','Y','Y','RR Invoice Run 20100301','ROBIN-IEDR','2010-03-12 15:22:59','N'),('irelandinspires.ie','FAILTE IRELAND','Body Corporate (Ltd,PLC,Company)','Corporate Name',00000600,'Active','2010-03-01','2007-02-27','2010-02-27','2010-03-01 17:26:45','N','Y','N','RR Invoice Run 20100301','ROBIN-IEDR','2010-03-12 15:22:59','N'),('revcom.ie','Revenue Comissioners','Unincorporated Association','Unincorporated Association Name',00000600,'Active','2010-03-01','1997-02-05','2010-02-05','2010-03-01 17:26:45','N','Y','','RR Invoice Run 20100301','ROBIN-IEDR','2010-03-12 15:22:59','N'),('dolmendirect.ie','Dolmen Direct Ltd','Body Corporate (Ltd,PLC,Company)','Corporate Name',00000600,'Active','2010-03-12','2000-02-17','2010-02-17','2010-03-12 15:23:00','N','Y','Y','Offline Payment Selected by INO1-IEDR on March 12 2010 3:23 pm','CONSOLE','2010-03-18 09:18:26','N'),('iifpmec.ie','IIF Process Mechanical and Electrical Contractors 108255','Body Corporate (Ltd,PLC,Company)','Corporate Name',00000600,'Active','2010-03-12','2000-02-23','2010-02-23','2010-03-12 15:23:00','N','Y','Y','Offline Payment Selected by INO1-IEDR on March 12 2010 3:23 pm','CONSOLE','2010-03-18 09:18:26','N'),('irelandinspires.ie','FAILTE IRELAND','Body Corporate (Ltd,PLC,Company)','Corporate Name',00000600,'Active','2010-03-12','2007-02-27','2010-02-27','2010-03-12 15:23:00','N','Y','N','Offline Payment Selected by INO1-IEDR on March 12 2010 3:23 pm','CONSOLE','2010-03-18 09:18:26','N'),('revcom.ie','Revenue Comissioners','Unincorporated Association','Unincorporated Association Name',00000600,'Active','2010-03-12','1997-02-05','2010-02-05','2010-03-12 15:23:00','N','Y','','Offline Payment Selected by INO1-IEDR on March 12 2010 3:23 pm','CONSOLE','2010-03-18 09:18:26','N'),('independentsmerchants.ie','Independent Merchants Ltd','Body Corporate (Ltd,PLC,Company)','Corporate Name',00000600,'Active','2002-12-11','2002-03-06','2010-03-06','2009-04-17 13:25:15','N','Y','Y','Mass Merge transferring to account 00000600','ROBIN-IEDR','2010-04-01 17:11:48','N'),('littlebird.ie','Little bird Television Ltd.','Body Corporate (Ltd,PLC,Company)','Corporate Name',00000600,'Active','2002-12-11','2000-01-21','2010-03-31','2009-04-17 13:25:15','N','Y','','inserted class and cat.','ROBIN-IEDR','2010-04-01 17:11:48','N'),('mgl.ie','Miller Group Limited','Body Corporate (Ltd,PLC,Company)','Corporate Name',00000600,'Active','2002-12-11','1999-03-05','2010-03-05','2009-04-17 13:25:15','N','Y','Y','Mass Merge transferring to account 00000600','ROBIN-IEDR','2010-04-01 17:11:48','N'),('pdpar.ie','PROJECT DELIVERY PARTNERS LIMITED','Body Corporate (Ltd,PLC,Company)','Corporate Name',00000600,'Active','2002-12-11','2000-03-22','2010-03-22','2009-04-17 13:25:15','N','Y','','Updated class and category ','ROBIN-IEDR','2010-04-01 17:11:48','N'),('rentokilpestcontrol.ie','Rentokil Initial Ltd','BODY CORPORATE (LTD,PLC,COMPANY)','REGISTERED BUSINESS NAME',00000600,'Active','2006-03-01','2006-03-01','2010-03-01','2009-04-17 13:25:15','N','Y','Y','Hi lads\r\nbiz reg for this application is 153336, ','ROBIN-IEDR','2010-04-01 17:11:48','N'),('speko.ie','Speko Distributors','Body Corporate (Ltd,PLC,Company)','Corporate Name',00000600,'Active','2002-12-11','2001-03-08','2010-03-08','2009-04-17 13:25:15','N','Y','Y','Mass Merge transferring to account 00000600','ROBIN-IEDR','2010-04-01 17:11:48','N'),('independentsmerchants.ie','Independent Merchants Ltd','Body Corporate (Ltd,PLC,Company)','Corporate Name',00000600,'Active','2010-04-01','2002-03-06','2010-03-06','2010-04-01 16:12:31','N','Y','Y','RR Invoice Run 20100401','ROBIN-IEDR','2010-04-16 15:38:40','N'),('littlebird.ie','Little bird Television Ltd.','Body Corporate (Ltd,PLC,Company)','Corporate Name',00000600,'Active','2010-04-01','2000-01-21','2010-03-31','2010-04-01 16:12:31','N','Y','','RR Invoice Run 20100401','ROBIN-IEDR','2010-04-16 15:38:40','N'),('mgl.ie','Miller Group Limited','Body Corporate (Ltd,PLC,Company)','Corporate Name',00000600,'Active','2010-04-01','1999-03-05','2010-03-05','2010-04-01 16:12:31','N','Y','Y','RR Invoice Run 20100401','ROBIN-IEDR','2010-04-16 15:38:40','N'),('pdpar.ie','PROJECT DELIVERY PARTNERS LIMITED','Body Corporate (Ltd,PLC,Company)','Corporate Name',00000600,'Active','2010-04-01','2000-03-22','2010-03-22','2010-04-01 16:12:31','N','Y','','RR Invoice Run 20100401','ROBIN-IEDR','2010-04-16 15:38:40','N'),('rentokilpestcontrol.ie','Rentokil Initial Ltd','BODY CORPORATE (LTD,PLC,COMPANY)','REGISTERED BUSINESS NAME',00000600,'Active','2010-04-01','2006-03-01','2010-03-01','2010-04-01 16:12:31','N','Y','Y','RR Invoice Run 20100401','ROBIN-IEDR','2010-04-16 15:38:40','N'),('speko.ie','Speko Distributors','Body Corporate (Ltd,PLC,Company)','Corporate Name',00000600,'Active','2010-04-01','2001-03-08','2010-03-08','2010-04-01 16:12:31','N','Y','Y','RR Invoice Run 20100401','ROBIN-IEDR','2010-04-16 15:38:40','N'),('independentsmerchants.ie','Independent Merchants Ltd','Body Corporate (Ltd,PLC,Company)','Corporate Name',00000600,'Active','2010-04-16','2002-03-06','2010-03-06','2010-04-16 14:38:41','N','Y','Y','Offline Payment Selected by INO1-IEDR on April 16 2010 3:38 pm','CONSOLE','2010-04-26 09:11:16','N'),('littlebird.ie','Little bird Television Ltd.','Body Corporate (Ltd,PLC,Company)','Corporate Name',00000600,'Active','2010-04-16','2000-01-21','2010-03-31','2010-04-16 14:38:41','N','Y','','Offline Payment Selected by INO1-IEDR on April 16 2010 3:38 pm','CONSOLE','2010-04-26 09:11:16','N'),('mgl.ie','Miller Group Limited','Body Corporate (Ltd,PLC,Company)','Corporate Name',00000600,'Active','2010-04-16','1999-03-05','2010-03-05','2010-04-16 14:38:41','N','Y','Y','Offline Payment Selected by INO1-IEDR on April 16 2010 3:38 pm','CONSOLE','2010-04-26 09:11:16','N'),('pdpar.ie','PROJECT DELIVERY PARTNERS LIMITED','Body Corporate (Ltd,PLC,Company)','Corporate Name',00000600,'Active','2010-04-16','2000-03-22','2010-03-22','2010-04-16 14:38:41','N','Y','','Offline Payment Selected by INO1-IEDR on April 16 2010 3:38 pm','CONSOLE','2010-04-26 09:11:16','N'),('rentokilpestcontrol.ie','Rentokil Initial Ltd','BODY CORPORATE (LTD,PLC,COMPANY)','REGISTERED BUSINESS NAME',00000600,'Active','2010-04-16','2006-03-01','2010-03-01','2010-04-16 14:38:41','N','Y','Y','Offline Payment Selected by INO1-IEDR on April 16 2010 3:38 pm','CONSOLE','2010-04-26 09:11:16','N'),('speko.ie','Speko Distributors','Body Corporate (Ltd,PLC,Company)','Corporate Name',00000600,'Active','2010-04-16','2001-03-08','2010-03-08','2010-04-16 14:38:41','N','Y','Y','Offline Payment Selected by INO1-IEDR on April 16 2010 3:38 pm','CONSOLE','2010-04-26 09:11:16','N'),('carrollkinsella.ie','Carroll & Kinsella Motors Ltd.','Body Corporate (Ltd,PLC,Company)','Corporate Name',00000600,'Active','2010-02-23','1999-01-28','2011-01-28','2010-02-23 10:29:51','N','Y','Y','Renewal Settled as Offline Payment by BRIAN-IEDR on February 23 2010 10:29 am','CONSOLE','2010-05-25 18:35:40','N'),('avicontravel.ie','Avicon Consultancy Services Limited','Body Corporate (Ltd,PLC,Company)','Registered Business Name',00000600,'Active','2009-12-17','2003-11-27','2010-11-27','2009-12-17 09:32:22','N','Y','Y','Renewal Settled as Offline Payment by BRIAN-IEDR on December 17 2009 9:32 am','ROBIN-IEDR','2010-12-01 16:02:31','N'),('ezoption.ie','EZ Option Holdings Ltd','Body Corporate (Ltd,PLC,Company)','Corporate Name',00000600,'Active','2009-12-17','2000-11-14','2010-11-14','2009-12-17 09:32:22','N','Y','Y','Renewal Settled as Offline Payment by BRIAN-IEDR on December 17 2009 9:32 am','ROBIN-IEDR','2010-12-01 16:02:31','N'),('ezoptions.ie','EZ Option Holdings Ltd','Body Corporate (Ltd,PLC,Company)','Corporate Name',00000600,'Active','2009-12-17','2000-11-10','2010-11-10','2009-12-17 09:32:22','N','Y','Y','Renewal Settled as Offline Payment by BRIAN-IEDR on December 17 2009 9:32 am','ROBIN-IEDR','2010-12-01 16:02:31','N'),('homestart.ie','Affordable Housing Partnership','Statutory Body','State Agency Name',00000600,'Active','2009-12-17','2007-11-29','2010-11-29','2009-12-17 09:32:22','N','Y','N','Renewal Settled as Offline Payment by BRIAN-IEDR on December 17 2009 9:32 am','ROBIN-IEDR','2010-12-01 16:02:31','N'),('isas.ie','Broecker GmbH','Body Corporate (Ltd,PLC,Company)','Corporate Name',00000600,'Active','2009-12-17','1996-11-24','2010-11-24','2009-12-17 09:32:22','N','Y','Y','Renewal Settled as Offline Payment by BRIAN-IEDR on December 17 2009 9:32 am','ROBIN-IEDR','2010-12-01 16:02:31','N'),('multy.ie','Multy Products Ltd.','Body Corporate (Ltd,PLC,Company)','Corporate Name',00000600,'Active','2009-12-17','1996-11-07','2010-11-07','2009-12-17 09:32:22','N','Y','Y','Renewal Settled as Offline Payment by BRIAN-IEDR on December 17 2009 9:32 am','ROBIN-IEDR','2010-12-01 16:02:31','N'),('offalyleader.ie','Offaly Leader 2 ltd (Body Corporate)','Body Corporate (Ltd,PLC,Company)','Registered Business Name',00000600,'Active','2009-12-17','1999-11-08','2010-11-08','2009-12-17 09:32:22','N','Y','Y','Renewal Settled as Offline Payment by BRIAN-IEDR on December 17 2009 9:32 am','ROBIN-IEDR','2010-12-01 16:02:31','N'),('revenuenews.ie','Revenue Commissioners','Discretionary Applicant','Discretionary Name',00000600,'Active','2009-12-17','2000-11-16','2010-11-16','2009-12-17 09:32:22','N','Y','Y','Renewal Settled as Offline Payment by BRIAN-IEDR on December 17 2009 9:32 am','ROBIN-IEDR','2010-12-01 16:02:31','N'),('avicontravel.ie','Avicon Consultancy Services Limited','Body Corporate (Ltd,PLC,Company)','Registered Business Name',00000600,'Active','2010-12-01','2003-11-27','2010-11-27','2010-12-01 16:02:31','N','Y','Y','RR Invoice Run 20101201','CONSOLE','2010-12-17 16:04:06','N'),('ezoption.ie','EZ Option Holdings Ltd','Body Corporate (Ltd,PLC,Company)','Corporate Name',00000600,'Active','2010-12-01','2000-11-14','2010-11-14','2010-12-01 16:02:31','N','Y','Y','RR Invoice Run 20101201','CONSOLE','2010-12-17 16:04:06','N'),('ezoptions.ie','EZ Option Holdings Ltd','Body Corporate (Ltd,PLC,Company)','Corporate Name',00000600,'Active','2010-12-01','2000-11-10','2010-11-10','2010-12-01 16:02:31','N','Y','Y','RR Invoice Run 20101201','CONSOLE','2010-12-17 16:04:06','N'),('homestart.ie','Affordable Housing Partnership','Statutory Body','State Agency Name',00000600,'Active','2010-12-01','2007-11-29','2010-11-29','2010-12-01 16:02:31','N','Y','N','RR Invoice Run 20101201','CONSOLE','2010-12-17 16:04:06','N'),('isas.ie','Broecker GmbH','Body Corporate (Ltd,PLC,Company)','Corporate Name',00000600,'Active','2010-12-01','1996-11-24','2010-11-24','2010-12-01 16:02:31','N','Y','Y','RR Invoice Run 20101201','CONSOLE','2010-12-17 16:04:06','N'),('multy.ie','Multy Products Ltd.','Body Corporate (Ltd,PLC,Company)','Corporate Name',00000600,'Active','2010-12-01','1996-11-07','2010-11-07','2010-12-01 16:02:31','N','Y','Y','RR Invoice Run 20101201','CONSOLE','2010-12-17 16:04:06','N'),('offalyleader.ie','Offaly Leader 2 ltd (Body Corporate)','Body Corporate (Ltd,PLC,Company)','Registered Business Name',00000600,'Active','2010-12-01','1999-11-08','2010-11-08','2010-12-01 16:02:31','N','Y','Y','RR Invoice Run 20101201','CONSOLE','2010-12-17 16:04:06','N'),('revenuenews.ie','Revenue Commissioners','Discretionary Applicant','Discretionary Name',00000600,'Active','2010-12-01','2000-11-16','2010-11-16','2010-12-01 16:02:31','N','Y','Y','RR Invoice Run 20101201','CONSOLE','2010-12-17 16:04:06','N'),('accessorize.ie','Conran Properties Ltd','Body Corporate (Ltd,PLC,Company)','Corporate Name',00000600,'Active','2010-01-21','1998-12-17','2010-12-17','2010-01-21 09:33:37','N','Y','Y','Renewal Settled as Offline Payment by BRIAN-IEDR on January 21 2010 9:33 am','ROBIN-IEDR','2011-01-05 13:54:31','N'),('antnic.ie','Nicholas, Anthony Limited','Body Corporate (Ltd,PLC,Company)','Corporate Name',00000600,'Active','2010-01-21','1998-12-03','2010-12-03','2010-01-21 09:33:37','N','Y','Y','Renewal Settled as Offline Payment by BRIAN-IEDR on January 21 2010 9:33 am','ROBIN-IEDR','2011-01-05 13:54:31','N'),('atlanticarchitects.ie','Atlantic Architects Ltd','Body Corporate (Ltd,PLC,Company)','Corporate Name',00000600,'Active','2010-01-21','2003-12-12','2010-12-12','2010-01-21 09:33:37','N','Y','Y','Renewal Settled as Offline Payment by BRIAN-IEDR on January 21 2010 9:33 am','ROBIN-IEDR','2011-01-05 13:54:31','N'),('changeyourbank.ie','Bank of Scotland (Ireland)','Body Corporate (Ltd,PLC,Company)','Discretionary Name',00000600,'Active','2010-01-21','2004-12-08','2010-12-08','2010-01-21 09:33:37','N','Y','Y','Renewal Settled as Offline Payment by BRIAN-IEDR on January 21 2010 9:33 am','ROBIN-IEDR','2011-01-05 13:54:31','N'),('easyswitch.ie','Bank of Scotland (Ireland)','Body Corporate (Ltd,PLC,Company)','Discretionary Name',00000600,'Active','2010-01-21','2004-12-08','2010-12-08','2010-01-21 09:33:37','N','Y','Y','Renewal Settled as Offline Payment by BRIAN-IEDR on January 21 2010 9:33 am','ROBIN-IEDR','2011-01-05 13:54:31','N'),('edi.ie','EDI Factory Ltd','Body Corporate (Ltd,PLC,Company)','Corporate Name',00000600,'Active','2010-01-21','1996-12-03','2010-12-03','2010-01-21 09:33:37','N','Y','Y','Renewal Settled as Offline Payment by BRIAN-IEDR on January 21 2010 9:33 am','ROBIN-IEDR','2011-01-05 13:54:31','N'),('etcl.ie','Ergo Treasury Centre Limited','Body Corporate (Ltd,PLC,Company)','Corporate Name',00000600,'Active','2010-01-21','2002-12-10','2010-12-10','2010-01-21 09:33:37','N','Y','Y','Renewal Settled as Offline Payment by BRIAN-IEDR on January 21 2010 9:33 am','ROBIN-IEDR','2011-01-05 13:54:31','N'),('millerg.ie','Miller Group Ltd','Body Corporate (Ltd,PLC,Company)','Corporate Name',00000600,'Active','2010-01-21','1999-12-17','2010-12-17','2010-01-21 09:33:37','N','Y','Y','Renewal Settled as Offline Payment by BRIAN-IEDR on January 21 2010 9:33 am','ROBIN-IEDR','2011-01-05 13:54:31','N'),('olympiacapital.ie','Olympia Capital (Ireland) Ltd','Body Corporate (Ltd,PLC,Company)','Corporate Name',00000600,'Active','2010-01-21','1998-09-08','2010-12-31','2010-01-21 09:33:37','N','Y','Y','Renewal Settled as Offline Payment by BRIAN-IEDR on January 21 2010 9:33 am','ROBIN-IEDR','2011-01-05 13:54:31','N'),('switchmyaccount.ie','Bank of Scotland (Ireland)','Body Corporate (Ltd,PLC,Company)','Discretionary Name',00000600,'Active','2010-01-21','2004-12-08','2010-12-08','2010-01-21 09:33:37','N','Y','Y','Renewal Settled as Offline Payment by BRIAN-IEDR on January 21 2010 9:33 am','ROBIN-IEDR','2011-01-05 13:54:31','N'),('wewantyou.ie','Bank of Scotland (Ireland)','Body Corporate (Ltd,PLC,Company)','Discretionary Name',00000600,'Active','2010-01-21','2004-12-08','2010-12-08','2010-01-21 09:33:37','N','Y','Y','Renewal Settled as Offline Payment by BRIAN-IEDR on January 21 2010 9:33 am','ROBIN-IEDR','2011-01-05 13:54:31','N'),('avicontravel.ie','Avicon Consultancy Services Limited','Body Corporate (Ltd,PLC,Company)','Registered Business Name',00000600,'Active','2010-12-17','2003-11-27','2010-11-27','2010-12-17 16:04:06','N','M','Y','Suspended Via Console by INO1-IEDR on December 17 2010 4:04 pm','Mail','2011-01-07 11:58:25','N'),('ezoption.ie','EZ Option Holdings Ltd','Body Corporate (Ltd,PLC,Company)','Corporate Name',00000600,'Active','2010-12-17','2000-11-14','2010-11-14','2010-12-17 16:04:06','N','M','Y','Suspended Via Console by INO1-IEDR on December 17 2010 4:04 pm','Mail','2011-01-07 11:59:30','N'),('ezoptions.ie','EZ Option Holdings Ltd','Body Corporate (Ltd,PLC,Company)','Corporate Name',00000600,'Active','2010-12-17','2000-11-10','2010-11-10','2010-12-17 16:04:06','N','M','Y','Suspended Via Console by INO1-IEDR on December 17 2010 4:04 pm','Mail','2011-01-07 11:59:31','N'),('homestart.ie','Affordable Housing Partnership','Statutory Body','State Agency Name',00000600,'Active','2010-12-17','2007-11-29','2010-11-29','2010-12-17 16:04:06','N','M','N','Suspended Via Console by INO1-IEDR on December 17 2010 4:04 pm','Mail','2011-01-07 11:59:57','N'),('isas.ie','Broecker GmbH','Body Corporate (Ltd,PLC,Company)','Corporate Name',00000600,'Active','2010-12-17','1996-11-24','2010-11-24','2010-12-17 16:04:06','N','M','Y','Suspended Via Console by INO1-IEDR on December 17 2010 4:04 pm','Mail','2011-01-07 12:00:10','N'),('multy.ie','Multy Products Ltd.','Body Corporate (Ltd,PLC,Company)','Corporate Name',00000600,'Active','2010-12-17','1996-11-07','2010-11-07','2010-12-17 16:04:06','N','M','Y','Suspended Via Console by INO1-IEDR on December 17 2010 4:04 pm','Mail','2011-01-07 12:00:56','N'),('offalyleader.ie','Offaly Leader 2 ltd (Body Corporate)','Body Corporate (Ltd,PLC,Company)','Registered Business Name',00000600,'Active','2010-12-17','1999-11-08','2010-11-08','2010-12-17 16:04:06','N','M','Y','Suspended Via Console by INO1-IEDR on December 17 2010 4:04 pm','Mail','2011-01-07 12:01:10','N'),('revenuenews.ie','Revenue Commissioners','Discretionary Applicant','Discretionary Name',00000600,'Active','2010-12-17','2000-11-16','2010-11-16','2010-12-17 16:04:06','N','M','Y','Suspended Via Console by INO1-IEDR on December 17 2010 4:04 pm','Mail','2011-01-07 12:01:38','N'),('accessorize.ie','Conran Properties Ltd','Body Corporate (Ltd,PLC,Company)','Corporate Name',00000600,'Active','2011-01-05','1998-12-17','2010-12-17','2011-01-05 13:54:31','N','Y','Y','RR Invoice Run 20110105','CONSOLE','2011-01-18 15:03:16','N'),('antnic.ie','Nicholas, Anthony Limited','Body Corporate (Ltd,PLC,Company)','Corporate Name',00000600,'Active','2011-01-05','1998-12-03','2010-12-03','2011-01-05 13:54:31','N','Y','Y','RR Invoice Run 20110105','CONSOLE','2011-01-18 15:03:16','N'),('atlanticarchitects.ie','Atlantic Architects Ltd','Body Corporate (Ltd,PLC,Company)','Corporate Name',00000600,'Active','2011-01-05','2003-12-12','2010-12-12','2011-01-05 13:54:31','N','Y','Y','RR Invoice Run 20110105','CONSOLE','2011-01-18 15:03:16','N'),('changeyourbank.ie','Bank of Scotland (Ireland)','Body Corporate (Ltd,PLC,Company)','Discretionary Name',00000600,'Active','2011-01-05','2004-12-08','2010-12-08','2011-01-05 13:54:31','N','Y','Y','RR Invoice Run 20110105','CONSOLE','2011-01-18 15:03:16','N'),('easyswitch.ie','Bank of Scotland (Ireland)','Body Corporate (Ltd,PLC,Company)','Discretionary Name',00000600,'Active','2011-01-05','2004-12-08','2010-12-08','2011-01-05 13:54:31','N','Y','Y','RR Invoice Run 20110105','CONSOLE','2011-01-18 15:03:16','N'),('edi.ie','EDI Factory Ltd','Body Corporate (Ltd,PLC,Company)','Corporate Name',00000600,'Active','2011-01-05','1996-12-03','2010-12-03','2011-01-05 13:54:31','N','Y','Y','RR Invoice Run 20110105','CONSOLE','2011-01-18 15:03:16','N'),('etcl.ie','Ergo Treasury Centre Limited','Body Corporate (Ltd,PLC,Company)','Corporate Name',00000600,'Active','2011-01-05','2002-12-10','2010-12-10','2011-01-05 13:54:31','N','Y','Y','RR Invoice Run 20110105','CONSOLE','2011-01-18 15:03:16','N'),('millerg.ie','Miller Group Ltd','Body Corporate (Ltd,PLC,Company)','Corporate Name',00000600,'Active','2011-01-05','1999-12-17','2010-12-17','2011-01-05 13:54:31','N','Y','Y','RR Invoice Run 20110105','CONSOLE','2011-01-18 15:03:16','N'),('olympiacapital.ie','Olympia Capital (Ireland) Ltd','Body Corporate (Ltd,PLC,Company)','Corporate Name',00000600,'Active','2011-01-05','1998-09-08','2010-12-31','2011-01-05 13:54:31','N','Y','Y','RR Invoice Run 20110105','CONSOLE','2011-01-18 15:03:16','N'),('switchmyaccount.ie','Bank of Scotland (Ireland)','Body Corporate (Ltd,PLC,Company)','Discretionary Name',00000600,'Active','2011-01-05','2004-12-08','2010-12-08','2011-01-05 13:54:31','N','Y','Y','RR Invoice Run 20110105','CONSOLE','2011-01-18 15:03:16','N'),('wewantyou.ie','Bank of Scotland (Ireland)','Body Corporate (Ltd,PLC,Company)','Discretionary Name',00000600,'Active','2011-01-05','2004-12-08','2010-12-08','2011-01-05 13:54:31','N','Y','Y','RR Invoice Run 20110105','CONSOLE','2011-01-18 15:03:16','N'),('avicontravel.ie','Avicon Consultancy Services Limited','Body Corporate (Ltd,PLC,Company)','Registered Business Name',00000600,'Active','2010-12-17','2003-11-27','2010-11-27','2011-01-07 11:58:25','N','S','Y','Status set to Mailed','Suspend','2011-01-21 11:56:31','N'),('ezoption.ie','EZ Option Holdings Ltd','Body Corporate (Ltd,PLC,Company)','Corporate Name',00000600,'Active','2010-12-17','2000-11-14','2010-11-14','2011-01-07 11:59:30','N','S','Y','Status set to Mailed','Suspend','2011-01-21 11:56:37','N'),('ezoptions.ie','EZ Option Holdings Ltd','Body Corporate (Ltd,PLC,Company)','Corporate Name',00000600,'Active','2010-12-17','2000-11-10','2010-11-10','2011-01-07 11:59:31','N','S','Y','Status set to Mailed','Suspend','2011-01-21 11:56:37','N'),('homestart.ie','Affordable Housing Partnership','Statutory Body','State Agency Name',00000600,'Active','2010-12-17','2007-11-29','2010-11-29','2011-01-07 11:59:57','N','S','N','Status set to Mailed','Suspend','2011-01-21 11:56:39','N'),('isas.ie','Broecker GmbH','Body Corporate (Ltd,PLC,Company)','Corporate Name',00000600,'Active','2010-12-17','1996-11-24','2010-11-24','2011-01-07 12:00:10','N','S','Y','Status set to Mailed','Suspend','2011-01-21 11:56:40','N'),('multy.ie','Multy Products Ltd.','Body Corporate (Ltd,PLC,Company)','Corporate Name',00000600,'Active','2010-12-17','1996-11-07','2010-11-07','2011-01-07 12:00:56','N','S','Y','Status set to Mailed','Suspend','2011-01-21 11:56:43','N'),('offalyleader.ie','Offaly Leader 2 ltd (Body Corporate)','Body Corporate (Ltd,PLC,Company)','Registered Business Name',00000600,'Active','2010-12-17','1999-11-08','2010-11-08','2011-01-07 12:01:10','N','S','Y','Status set to Mailed','Suspend','2011-01-21 11:56:44','N'),('revenuenews.ie','Revenue Commissioners','Discretionary Applicant','Discretionary Name',00000600,'Active','2010-12-17','2000-11-16','2010-11-16','2011-01-07 12:01:38','N','S','Y','Status set to Mailed','Suspend','2011-01-21 11:56:46','N'),('accessorize.ie','Conran Properties Ltd','Body Corporate (Ltd,PLC,Company)','Corporate Name',00000600,'Active','2011-01-18','1998-12-17','2010-12-17','2011-01-18 15:03:16','N','M','Y','Suspended Via Console by INO1-IEDR on January 18 2011 3:03 pm','Mail','2011-01-21 11:57:20','N'),('antnic.ie','Nicholas, Anthony Limited','Body Corporate (Ltd,PLC,Company)','Corporate Name',00000600,'Active','2011-01-18','1998-12-03','2010-12-03','2011-01-18 15:03:16','N','M','Y','Suspended Via Console by INO1-IEDR on January 18 2011 3:03 pm','Mail','2011-01-21 11:57:20','N'),('atlanticarchitects.ie','Atlantic Architects Ltd','Body Corporate (Ltd,PLC,Company)','Corporate Name',00000600,'Active','2011-01-18','2003-12-12','2010-12-12','2011-01-18 15:03:16','N','M','Y','Suspended Via Console by INO1-IEDR on January 18 2011 3:03 pm','Mail','2011-01-21 11:57:20','N'),('changeyourbank.ie','Bank of Scotland (Ireland)','Body Corporate (Ltd,PLC,Company)','Discretionary Name',00000600,'Active','2011-01-18','2004-12-08','2010-12-08','2011-01-18 15:03:16','N','M','Y','Suspended Via Console by INO1-IEDR on January 18 2011 3:03 pm','Mail','2011-01-21 11:57:23','N'),('easyswitch.ie','Bank of Scotland (Ireland)','Body Corporate (Ltd,PLC,Company)','Discretionary Name',00000600,'Active','2011-01-18','2004-12-08','2010-12-08','2011-01-18 15:03:16','N','M','Y','Suspended Via Console by INO1-IEDR on January 18 2011 3:03 pm','Mail','2011-01-21 11:57:26','N'),('edi.ie','EDI Factory Ltd','Body Corporate (Ltd,PLC,Company)','Corporate Name',00000600,'Active','2011-01-18','1996-12-03','2010-12-03','2011-01-18 15:03:16','N','M','Y','Suspended Via Console by INO1-IEDR on January 18 2011 3:03 pm','Mail','2011-01-21 11:57:26','N'),('etcl.ie','Ergo Treasury Centre Limited','Body Corporate (Ltd,PLC,Company)','Corporate Name',00000600,'Active','2011-01-18','2002-12-10','2010-12-10','2011-01-18 15:03:16','N','M','Y','Suspended Via Console by INO1-IEDR on January 18 2011 3:03 pm','Mail','2011-01-21 11:57:27','N'),('millerg.ie','Miller Group Ltd','Body Corporate (Ltd,PLC,Company)','Corporate Name',00000600,'Active','2011-01-18','1999-12-17','2010-12-17','2011-01-18 15:03:16','N','M','Y','Suspended Via Console by INO1-IEDR on January 18 2011 3:03 pm','Mail','2011-01-21 11:57:32','N'),('olympiacapital.ie','Olympia Capital (Ireland) Ltd','Body Corporate (Ltd,PLC,Company)','Corporate Name',00000600,'Active','2011-01-18','1998-09-08','2010-12-31','2011-01-18 15:03:16','N','M','Y','Suspended Via Console by INO1-IEDR on January 18 2011 3:03 pm','Mail','2011-01-21 11:57:33','N'),('switchmyaccount.ie','Bank of Scotland (Ireland)','Body Corporate (Ltd,PLC,Company)','Discretionary Name',00000600,'Active','2011-01-18','2004-12-08','2010-12-08','2011-01-18 15:03:16','N','M','Y','Suspended Via Console by INO1-IEDR on January 18 2011 3:03 pm','Mail','2011-01-21 11:57:36','N'),('wewantyou.ie','Bank of Scotland (Ireland)','Body Corporate (Ltd,PLC,Company)','Discretionary Name',00000600,'Active','2011-01-18','2004-12-08','2010-12-08','2011-01-18 15:03:16','N','M','Y','Suspended Via Console by INO1-IEDR on January 18 2011 3:03 pm','Mail','2011-01-21 11:57:38','N'),('barrtribunal.ie','Department of Justice, Equality and Law Reform','Statutory Body','Discretionary Name',00000600,'Active','2010-02-23','2003-01-22','2011-01-22','2010-02-23 10:29:51','N','Y','Y','Renewal Settled as Offline Payment by BRIAN-IEDR on February 23 2010 10:29 am','ROBIN-IEDR','2011-02-01 14:16:31','N'),('bolandryan.ie','Boland Ryan Limited','Body Corporate (Ltd,PLC,Company)','Corporate Name',00000600,'Active','2010-02-23','2003-01-09','2011-01-09','2010-02-23 10:29:51','N','Y','Y','Renewal Settled as Offline Payment by BRIAN-IEDR on February 23 2010 10:29 am','ROBIN-IEDR','2011-02-01 14:16:31','N'),('carrollkinsella.ie','Carroll & Kinsella Motors Ltd.','Body Corporate (Ltd,PLC,Company)','Corporate Name',00000600,'Active','2010-05-25','1999-01-28','2011-01-28','2010-05-25 17:35:40','N','Y','Y','Edit DNS - Via The Guest Console by BS36-IEDR on May 25 2010 6:35 pm','ROBIN-IEDR','2011-02-01 14:16:31','N'),('forrestprint.ie','Forrest Print & Stationary Ltd','Body Corporate (Ltd,PLC,Company)','Corporate Name',00000600,'Active','2010-02-23','2001-01-29','2011-01-29','2010-02-23 10:29:51','N','Y','Y','Renewal Settled as Offline Payment by BRIAN-IEDR on February 23 2010 10:29 am','ROBIN-IEDR','2011-02-01 14:16:31','N'),('avicontravel.ie','Avicon Consultancy Services Limited','Body Corporate (Ltd,PLC,Company)','Registered Business Name',00000600,'Deleted','2010-12-17','2003-11-27','2010-11-27','2011-02-04 11:55:35','N','D','Y','Status set to Deleteed','Delete','2011-02-04 11:55:35','N'),('ezoption.ie','EZ Option Holdings Ltd','Body Corporate (Ltd,PLC,Company)','Corporate Name',00000600,'Deleted','2010-12-17','2000-11-14','2010-11-14','2011-02-04 11:55:41','N','D','Y','Status set to Deleteed','Delete','2011-02-04 11:55:41','N'),('ezoptions.ie','EZ Option Holdings Ltd','Body Corporate (Ltd,PLC,Company)','Corporate Name',00000600,'Deleted','2010-12-17','2000-11-10','2010-11-10','2011-02-04 11:55:41','N','D','Y','Status set to Deleteed','Delete','2011-02-04 11:55:41','N'),('homestart.ie','Affordable Housing Partnership','Statutory Body','State Agency Name',00000600,'Deleted','2010-12-17','2007-11-29','2010-11-29','2011-02-04 11:55:44','N','D','N','Status set to Deleteed','Delete','2011-02-04 11:55:44','N'),('isas.ie','Broecker GmbH','Body Corporate (Ltd,PLC,Company)','Corporate Name',00000600,'Deleted','2010-12-17','1996-11-24','2010-11-24','2011-02-04 11:55:46','N','D','Y','Status set to Deleteed','Delete','2011-02-04 11:55:46','N'),('multy.ie','Multy Products Ltd.','Body Corporate (Ltd,PLC,Company)','Corporate Name',00000600,'Deleted','2010-12-17','1996-11-07','2010-11-07','2011-02-04 11:55:49','N','D','Y','Status set to Deleteed','Delete','2011-02-04 11:55:49','N'),('offalyleader.ie','Offaly Leader 2 ltd (Body Corporate)','Body Corporate (Ltd,PLC,Company)','Registered Business Name',00000600,'Deleted','2010-12-17','1999-11-08','2010-11-08','2011-02-04 11:55:51','N','D','Y','Status set to Deleteed','Delete','2011-02-04 11:55:51','N'),('revenuenews.ie','Revenue Commissioners','Discretionary Applicant','Discretionary Name',00000600,'Deleted','2010-12-17','2000-11-16','2010-11-16','2011-02-04 11:55:54','N','D','Y','Status set to Deleteed','Delete','2011-02-04 11:55:54','N'),('accessorize.ie','Conran Properties Ltd','Body Corporate (Ltd,PLC,Company)','Corporate Name',00000600,'Active','2011-01-18','1998-12-17','2010-12-17','2011-01-21 11:57:20','N','S','Y','Status set to Mailed','Suspend','2011-02-04 11:56:31','N'),('antnic.ie','Nicholas, Anthony Limited','Body Corporate (Ltd,PLC,Company)','Corporate Name',00000600,'Active','2011-01-18','1998-12-03','2010-12-03','2011-01-21 11:57:20','N','S','Y','Status set to Mailed','Suspend','2011-02-04 11:56:31','N'),('atlanticarchitects.ie','Atlantic Architects Ltd','Body Corporate (Ltd,PLC,Company)','Corporate Name',00000600,'Active','2011-01-18','2003-12-12','2010-12-12','2011-01-21 11:57:20','N','S','Y','Status set to Mailed','Suspend','2011-02-04 11:56:32','N'),('changeyourbank.ie','Bank of Scotland (Ireland)','Body Corporate (Ltd,PLC,Company)','Discretionary Name',00000600,'Active','2011-01-18','2004-12-08','2010-12-08','2011-01-21 11:57:23','N','S','Y','Status set to Mailed','Suspend','2011-02-04 11:56:32','N'),('easyswitch.ie','Bank of Scotland (Ireland)','Body Corporate (Ltd,PLC,Company)','Discretionary Name',00000600,'Active','2011-01-18','2004-12-08','2010-12-08','2011-01-21 11:57:26','N','S','Y','Status set to Mailed','Suspend','2011-02-04 11:56:33','N'),('edi.ie','EDI Factory Ltd','Body Corporate (Ltd,PLC,Company)','Corporate Name',00000600,'Active','2011-01-18','1996-12-03','2010-12-03','2011-01-21 11:57:26','N','S','Y','Status set to Mailed','Suspend','2011-02-04 11:56:33','N'),('etcl.ie','Ergo Treasury Centre Limited','Body Corporate (Ltd,PLC,Company)','Corporate Name',00000600,'Active','2011-01-18','2002-12-10','2010-12-10','2011-01-21 11:57:27','N','S','Y','Status set to Mailed','Suspend','2011-02-04 11:56:33','N'),('millerg.ie','Miller Group Ltd','Body Corporate (Ltd,PLC,Company)','Corporate Name',00000600,'Active','2011-01-18','1999-12-17','2010-12-17','2011-01-21 11:57:32','N','S','Y','Status set to Mailed','Suspend','2011-02-04 11:56:34','N'),('olympiacapital.ie','Olympia Capital (Ireland) Ltd','Body Corporate (Ltd,PLC,Company)','Corporate Name',00000600,'Active','2011-01-18','1998-09-08','2010-12-31','2011-01-21 11:57:33','N','S','Y','Status set to Mailed','Suspend','2011-02-04 11:56:34','N'),('switchmyaccount.ie','Bank of Scotland (Ireland)','Body Corporate (Ltd,PLC,Company)','Discretionary Name',00000600,'Active','2011-01-18','2004-12-08','2010-12-08','2011-01-21 11:57:36','N','S','Y','Status set to Mailed','Suspend','2011-02-04 11:56:35','N'),('wewantyou.ie','Bank of Scotland (Ireland)','Body Corporate (Ltd,PLC,Company)','Discretionary Name',00000600,'Active','2011-01-18','2004-12-08','2010-12-08','2011-01-21 11:57:38','N','S','Y','Status set to Mailed','Suspend','2011-02-04 11:56:35','N'),('barrtribunal.ie','Department of Justice, Equality and Law Reform','Statutory Body','Discretionary Name',00000600,'Active','2011-02-01','2003-01-22','2011-01-22','2011-02-01 14:16:32','N','Y','Y','RR Invoice Run 20110201','CONSOLE','2011-02-18 07:56:09','N'),('bolandryan.ie','Boland Ryan Limited','Body Corporate (Ltd,PLC,Company)','Corporate Name',00000600,'Active','2011-02-01','2003-01-09','2011-01-09','2011-02-01 14:16:32','N','Y','Y','RR Invoice Run 20110201','CONSOLE','2011-02-18 07:56:09','N'),('carrollkinsella.ie','Carroll & Kinsella Motors Ltd.','Body Corporate (Ltd,PLC,Company)','Corporate Name',00000600,'Active','2011-02-01','1999-01-28','2011-01-28','2011-02-01 14:16:32','N','Y','Y','RR Invoice Run 20110201','CONSOLE','2011-02-18 07:56:09','N'),('forrestprint.ie','Forrest Print & Stationary Ltd','Body Corporate (Ltd,PLC,Company)','Corporate Name',00000600,'Active','2011-02-01','2001-01-29','2011-01-29','2011-02-01 14:16:32','N','Y','Y','RR Invoice Run 20110201','CONSOLE','2011-02-18 07:56:09','N'),('accessorize.ie','Conran Properties Ltd','Body Corporate (Ltd,PLC,Company)','Corporate Name',00000600,'Deleted','2011-01-18','1998-12-17','2010-12-17','2011-02-18 11:55:49','N','D','Y','Status set to Deleteed','Delete','2011-02-18 11:55:49','N'),('antnic.ie','Nicholas, Anthony Limited','Body Corporate (Ltd,PLC,Company)','Corporate Name',00000600,'Deleted','2011-01-18','1998-12-03','2010-12-03','2011-02-18 11:55:49','N','D','Y','Status set to Deleteed','Delete','2011-02-18 11:55:49','N'),('atlanticarchitects.ie','Atlantic Architects Ltd','Body Corporate (Ltd,PLC,Company)','Corporate Name',00000600,'Deleted','2011-01-18','2003-12-12','2010-12-12','2011-02-18 11:55:49','N','D','Y','Status set to Deleteed','Delete','2011-02-18 11:55:49','N'),('changeyourbank.ie','Bank of Scotland (Ireland)','Body Corporate (Ltd,PLC,Company)','Discretionary Name',00000600,'Deleted','2011-01-18','2004-12-08','2010-12-08','2011-02-18 11:55:49','N','D','Y','Status set to Deleteed','Delete','2011-02-18 11:55:49','N'),('easyswitch.ie','Bank of Scotland (Ireland)','Body Corporate (Ltd,PLC,Company)','Discretionary Name',00000600,'Deleted','2011-01-18','2004-12-08','2010-12-08','2011-02-18 11:55:50','N','D','Y','Status set to Deleteed','Delete','2011-02-18 11:55:50','N'),('edi.ie','EDI Factory Ltd','Body Corporate (Ltd,PLC,Company)','Corporate Name',00000600,'Deleted','2011-01-18','1996-12-03','2010-12-03','2011-02-18 11:55:50','N','D','Y','Status set to Deleteed','Delete','2011-02-18 11:55:50','N'),('etcl.ie','Ergo Treasury Centre Limited','Body Corporate (Ltd,PLC,Company)','Corporate Name',00000600,'Deleted','2011-01-18','2002-12-10','2010-12-10','2011-02-18 11:55:50','N','D','Y','Status set to Deleteed','Delete','2011-02-18 11:55:50','N'),('millerg.ie','Miller Group Ltd','Body Corporate (Ltd,PLC,Company)','Corporate Name',00000600,'Deleted','2011-01-18','1999-12-17','2010-12-17','2011-02-18 11:55:51','N','D','Y','Status set to Deleteed','Delete','2011-02-18 11:55:51','N'),('olympiacapital.ie','Olympia Capital (Ireland) Ltd','Body Corporate (Ltd,PLC,Company)','Corporate Name',00000600,'Deleted','2011-01-18','1998-09-08','2010-12-31','2011-02-18 11:55:51','N','D','Y','Status set to Deleteed','Delete','2011-02-18 11:55:51','N'),('switchmyaccount.ie','Bank of Scotland (Ireland)','Body Corporate (Ltd,PLC,Company)','Discretionary Name',00000600,'Deleted','2011-01-18','2004-12-08','2010-12-08','2011-02-18 11:55:51','N','D','Y','Status set to Deleteed','Delete','2011-02-18 11:55:51','N'),('wewantyou.ie','Bank of Scotland (Ireland)','Body Corporate (Ltd,PLC,Company)','Discretionary Name',00000600,'Deleted','2011-01-18','2004-12-08','2010-12-08','2011-02-18 11:55:52','N','D','Y','Status set to Deleteed','Delete','2011-02-18 11:55:52','N'),('barrtribunal.ie','Department of Justice, Equality and Law Reform','Statutory Body','Discretionary Name',00000600,'Active','2011-02-18','2003-01-22','2011-01-22','2011-02-18 07:56:09','N','M','Y','Suspended Via Console by INO1-IEDR on February 18 2011 7:56 am','Mail','2011-02-18 11:57:19','N'),('bolandryan.ie','Boland Ryan Limited','Body Corporate (Ltd,PLC,Company)','Corporate Name',00000600,'Active','2011-02-18','2003-01-09','2011-01-09','2011-02-18 07:56:09','N','M','Y','Suspended Via Console by INO1-IEDR on February 18 2011 7:56 am','Mail','2011-02-18 11:57:20','N'),('carrollkinsella.ie','Carroll & Kinsella Motors Ltd.','Body Corporate (Ltd,PLC,Company)','Corporate Name',00000600,'Active','2011-02-18','1999-01-28','2011-01-28','2011-02-18 07:56:09','N','M','Y','Suspended Via Console by INO1-IEDR on February 18 2011 7:56 am','Mail','2011-02-18 11:57:23','N'),('forrestprint.ie','Forrest Print & Stationary Ltd','Body Corporate (Ltd,PLC,Company)','Corporate Name',00000600,'Active','2011-02-18','2001-01-29','2011-01-29','2011-02-18 07:56:09','N','M','Y','Suspended Via Console by INO1-IEDR on February 18 2011 7:56 am','Mail','2011-02-18 11:57:33','N'),('dolmendirect.ie','Dolmen Direct Ltd','Body Corporate (Ltd,PLC,Company)','Corporate Name',00000600,'Active','2010-03-18','2000-02-17','2011-02-17','2010-03-18 09:18:27','N','Y','Y','Renewal Settled as Offline Payment by BRIAN-IEDR on March 18 2010 9:18 am','ROBIN-IEDR','2011-03-01 15:57:32','N'),('iifpmec.ie','IIF Process Mechanical and Electrical Contractors 108255','Body Corporate (Ltd,PLC,Company)','Corporate Name',00000600,'Active','2010-03-18','2000-02-23','2011-02-23','2010-03-18 09:18:27','N','Y','Y','Renewal Settled as Offline Payment by BRIAN-IEDR on March 18 2010 9:18 am','ROBIN-IEDR','2011-03-01 15:57:32','N'),('irelandinspires.ie','FAILTE IRELAND','Body Corporate (Ltd,PLC,Company)','Corporate Name',00000600,'Active','2010-03-18','2007-02-27','2011-02-27','2010-03-18 09:18:27','N','Y','N','Renewal Settled as Offline Payment by BRIAN-IEDR on March 18 2010 9:18 am','ROBIN-IEDR','2011-03-01 15:57:32','N'),('revcom.ie','Revenue Comissioners','Unincorporated Association','Unincorporated Association Name',00000600,'Active','2010-03-18','1997-02-05','2011-02-05','2010-03-18 09:18:27','N','Y','','Renewal Settled as Offline Payment by BRIAN-IEDR on March 18 2010 9:18 am','ROBIN-IEDR','2011-03-01 15:57:32','N'),('barrtribunal.ie','Department of Justice, Equality and Law Reform','Statutory Body','Discretionary Name',00000600,'Active','2011-02-18','2003-01-22','2011-01-22','2011-02-18 11:57:19','N','S','Y','Status set to Mailed','Suspend','2011-03-04 11:56:15','N'),('bolandryan.ie','Boland Ryan Limited','Body Corporate (Ltd,PLC,Company)','Corporate Name',00000600,'Active','2011-02-18','2003-01-09','2011-01-09','2011-02-18 11:57:20','N','S','Y','Status set to Mailed','Suspend','2011-03-04 11:56:15','N'),('carrollkinsella.ie','Carroll & Kinsella Motors Ltd.','Body Corporate (Ltd,PLC,Company)','Corporate Name',00000600,'Active','2011-02-18','1999-01-28','2011-01-28','2011-02-18 11:57:23','N','S','Y','Status set to Mailed','Suspend','2011-03-04 11:56:15','N'),('forrestprint.ie','Forrest Print & Stationary Ltd','Body Corporate (Ltd,PLC,Company)','Corporate Name',00000600,'Active','2011-02-18','2001-01-29','2011-01-29','2011-02-18 11:57:33','N','S','Y','Status set to Mailed','Suspend','2011-03-04 11:56:16','N'),('dolmendirect.ie','Dolmen Direct Ltd','Body Corporate (Ltd,PLC,Company)','Corporate Name',00000600,'Active','2011-03-01','2000-02-17','2011-02-17','2011-03-01 15:57:32','N','Y','Y','RR Invoice Run 20110301','CONSOLE','2011-03-16 08:08:28','N'),('iifpmec.ie','IIF Process Mechanical and Electrical Contractors 108255','Body Corporate (Ltd,PLC,Company)','Corporate Name',00000600,'Active','2011-03-01','2000-02-23','2011-02-23','2011-03-01 15:57:32','N','Y','Y','RR Invoice Run 20110301','CONSOLE','2011-03-16 08:08:28','N'),('irelandinspires.ie','FAILTE IRELAND','Body Corporate (Ltd,PLC,Company)','Corporate Name',00000600,'Active','2011-03-01','2007-02-27','2011-02-27','2011-03-01 15:57:32','N','Y','N','RR Invoice Run 20110301','CONSOLE','2011-03-16 08:08:28','N'),('revcom.ie','Revenue Comissioners','Unincorporated Association','Unincorporated Association Name',00000600,'Active','2011-03-01','1997-02-05','2011-02-05','2011-03-01 15:57:32','N','Y','','RR Invoice Run 20110301','CONSOLE','2011-03-16 08:08:28','N'),('barrtribunal.ie','Department of Justice, Equality and Law Reform','Statutory Body','Discretionary Name',00000600,'Deleted','2011-02-18','2003-01-22','2011-01-22','2011-03-18 11:57:24','N','D','Y','Status set to Deleteed','Delete','2011-03-18 11:57:24','N'),('bolandryan.ie','Boland Ryan Limited','Body Corporate (Ltd,PLC,Company)','Corporate Name',00000600,'Deleted','2011-02-18','2003-01-09','2011-01-09','2011-03-18 11:57:24','N','D','Y','Status set to Deleteed','Delete','2011-03-18 11:57:24','N'),('carrollkinsella.ie','Carroll & Kinsella Motors Ltd.','Body Corporate (Ltd,PLC,Company)','Corporate Name',00000600,'Deleted','2011-02-18','1999-01-28','2011-01-28','2011-03-18 11:57:24','N','D','Y','Status set to Deleteed','Delete','2011-03-18 11:57:24','N'),('forrestprint.ie','Forrest Print & Stationary Ltd','Body Corporate (Ltd,PLC,Company)','Corporate Name',00000600,'Deleted','2011-02-18','2001-01-29','2011-01-29','2011-03-18 11:57:26','N','D','Y','Status set to Deleteed','Delete','2011-03-18 11:57:26','N'),('dolmendirect.ie','Dolmen Direct Ltd','Body Corporate (Ltd,PLC,Company)','Corporate Name',00000600,'Active','2011-03-16','2000-02-17','2011-02-17','2011-03-16 08:08:28','N','M','Y','Suspended Via Console by INO1-IEDR on March 16 2011 8:08 am','Mail','2011-03-18 11:58:52','N'),('iifpmec.ie','IIF Process Mechanical and Electrical Contractors 108255','Body Corporate (Ltd,PLC,Company)','Corporate Name',00000600,'Active','2011-03-16','2000-02-23','2011-02-23','2011-03-16 08:08:28','N','M','Y','Suspended Via Console by INO1-IEDR on March 16 2011 8:08 am','Mail','2011-03-18 11:59:00','N'),('irelandinspires.ie','FAILTE IRELAND','Body Corporate (Ltd,PLC,Company)','Corporate Name',00000600,'Active','2011-03-16','2007-02-27','2011-02-27','2011-03-16 08:08:28','N','M','N','Suspended Via Console by INO1-IEDR on March 16 2011 8:08 am','Mail','2011-03-18 11:59:00','N'),('revcom.ie','Revenue Comissioners','Unincorporated Association','Unincorporated Association Name',00000600,'Active','2011-03-16','1997-02-05','2011-02-05','2011-03-16 08:08:28','N','M','','Suspended Via Console by INO1-IEDR on March 16 2011 8:08 am','Mail','2011-03-18 11:59:11','N'),('dolmendirect.ie','Dolmen Direct Ltd','Body Corporate (Ltd,PLC,Company)','Corporate Name',00000600,'Active','2011-03-16','2000-02-17','2011-02-17','2011-03-18 11:58:52','N','S','Y','Status set to Mailed','Suspend','2011-04-01 11:57:11','N'),('iifpmec.ie','IIF Process Mechanical and Electrical Contractors 108255','Body Corporate (Ltd,PLC,Company)','Corporate Name',00000600,'Active','2011-03-16','2000-02-23','2011-02-23','2011-03-18 11:59:00','N','S','Y','Status set to Mailed','Suspend','2011-04-01 11:57:11','N'),('irelandinspires.ie','FAILTE IRELAND','Body Corporate (Ltd,PLC,Company)','Corporate Name',00000600,'Active','2011-03-16','2007-02-27','2011-02-27','2011-03-18 11:59:01','N','S','N','Status set to Mailed','Suspend','2011-04-01 11:57:11','N'),('revcom.ie','Revenue Comissioners','Unincorporated Association','Unincorporated Association Name',00000600,'Active','2011-03-16','1997-02-05','2011-02-05','2011-03-18 11:59:11','N','S','','Status set to Mailed','Suspend','2011-04-01 11:57:13','N'),('antnic.ie','ANTHONY NICHOLAS LIMITED','Body Corporate (Ltd,PLC,Company)','Corporate Name',00000122,'Active','2011-03-04','2011-03-04','2011-03-04','2011-03-04 12:00:53','N','Y','Y','CRO no 	46436  - domain was previously registered to this applicant through esat bt but had lapsed.','ROBIN-IEDR','2011-04-01 12:23:30','N'),('independentsmerchants.ie','Independent Merchants Ltd','Body Corporate (Ltd,PLC,Company)','Corporate Name',00000600,'Active','2010-04-26','2002-03-06','2011-03-06','2010-04-26 08:11:17','N','Y','Y','Renewal Settled as Offline Payment by BRIAN-IEDR on April 26 2010 9:11 am','ROBIN-IEDR','2011-04-01 12:23:30','N'),('littlebird.ie','Little bird Television Ltd.','Body Corporate (Ltd,PLC,Company)','Corporate Name',00000600,'Active','2010-04-26','2000-01-21','2011-03-31','2010-04-26 08:11:17','N','Y','','Renewal Settled as Offline Payment by BRIAN-IEDR on April 26 2010 9:11 am','ROBIN-IEDR','2011-04-01 12:23:30','N'),('mgl.ie','Miller Group Limited','Body Corporate (Ltd,PLC,Company)','Corporate Name',00000600,'Active','2010-04-26','1999-03-05','2011-03-05','2010-04-26 08:11:17','N','Y','Y','Renewal Settled as Offline Payment by BRIAN-IEDR on April 26 2010 9:11 am','ROBIN-IEDR','2011-04-01 12:23:30','N'),('pdpar.ie','PROJECT DELIVERY PARTNERS LIMITED','Body Corporate (Ltd,PLC,Company)','Corporate Name',00000600,'Active','2010-04-26','2000-03-22','2011-03-22','2010-04-26 08:11:17','N','Y','','Renewal Settled as Offline Payment by BRIAN-IEDR on April 26 2010 9:11 am','ROBIN-IEDR','2011-04-01 12:23:30','N'),('rentokilpestcontrol.ie','Rentokil Initial Ltd','BODY CORPORATE (LTD,PLC,COMPANY)','REGISTERED BUSINESS NAME',00000600,'Active','2010-04-26','2006-03-01','2011-03-01','2010-04-26 08:11:17','N','Y','Y','Renewal Settled as Offline Payment by BRIAN-IEDR on April 26 2010 9:11 am','ROBIN-IEDR','2011-04-01 12:23:30','N'),('speko.ie','Speko Distributors','Body Corporate (Ltd,PLC,Company)','Corporate Name',00000600,'Active','2010-04-26','2001-03-08','2011-03-08','2010-04-26 08:11:17','N','Y','Y','Renewal Settled as Offline Payment by BRIAN-IEDR on April 26 2010 9:11 am','ROBIN-IEDR','2011-04-01 12:23:30','N'),('dolmendirect.ie','Dolmen Direct Ltd','Body Corporate (Ltd,PLC,Company)','Corporate Name',00000600,'Deleted','2011-03-16','2000-02-17','2011-02-17','2011-04-15 10:55:59','N','D','Y','Status set to Deleteed','Delete','2011-04-15 11:55:59','N'),('iifpmec.ie','IIF Process Mechanical and Electrical Contractors 108255','Body Corporate (Ltd,PLC,Company)','Corporate Name',00000600,'Deleted','2011-03-16','2000-02-23','2011-02-23','2011-04-15 10:56:00','N','D','Y','Status set to Deleteed','Delete','2011-04-15 11:56:00','N'),('irelandinspires.ie','FAILTE IRELAND','Body Corporate (Ltd,PLC,Company)','Corporate Name',00000600,'Deleted','2011-03-16','2007-02-27','2011-02-27','2011-04-15 10:56:00','N','D','N','Status set to Deleteed','Delete','2011-04-15 11:56:00','N'),('revcom.ie','Revenue Comissioners','Unincorporated Association','Unincorporated Association Name',00000600,'Deleted','2011-03-16','1997-02-05','2011-02-05','2011-04-15 10:56:02','N','D','','Status set to Deleteed','Delete','2011-04-15 11:56:02','N'),('independentsmerchants.ie','Independent Merchants Ltd','Body Corporate (Ltd,PLC,Company)','Corporate Name',00000600,'Active','2011-04-01','2002-03-06','2011-03-06','2011-04-01 11:23:30','N','Y','Y','RR Invoice Run 20110401','CONSOLE','2011-04-20 09:30:46','N'),('littlebird.ie','Little bird Television Ltd.','Body Corporate (Ltd,PLC,Company)','Corporate Name',00000600,'Active','2011-04-01','2000-01-21','2011-03-31','2011-04-01 11:23:30','N','Y','','RR Invoice Run 20110401','CONSOLE','2011-04-20 09:30:46','N'),('mgl.ie','Miller Group Limited','Body Corporate (Ltd,PLC,Company)','Corporate Name',00000600,'Active','2011-04-01','1999-03-05','2011-03-05','2011-04-01 11:23:30','N','Y','Y','RR Invoice Run 20110401','CONSOLE','2011-04-20 09:30:46','N'),('pdpar.ie','PROJECT DELIVERY PARTNERS LIMITED','Body Corporate (Ltd,PLC,Company)','Corporate Name',00000600,'Active','2011-04-01','2000-03-22','2011-03-22','2011-04-01 11:23:30','N','Y','','RR Invoice Run 20110401','CONSOLE','2011-04-20 09:30:46','N'),('rentokilpestcontrol.ie','Rentokil Initial Ltd','BODY CORPORATE (LTD,PLC,COMPANY)','REGISTERED BUSINESS NAME',00000600,'Active','2011-04-01','2006-03-01','2011-03-01','2011-04-01 11:23:30','N','Y','Y','RR Invoice Run 20110401','CONSOLE','2011-04-20 09:30:46','N'),('speko.ie','Speko Distributors','Body Corporate (Ltd,PLC,Company)','Corporate Name',00000600,'Active','2011-04-01','2001-03-08','2011-03-08','2011-04-01 11:23:30','N','Y','Y','RR Invoice Run 20110401','CONSOLE','2011-04-20 09:30:46','N'),('antnic.ie','ANTHONY NICHOLAS LIMITED','Body Corporate (Ltd,PLC,Company)','Corporate Name',00000122,'Active','2011-04-01','2011-03-04','2011-03-04','2011-04-01 11:23:30','N','Y','Y','RR Invoice Run 20110401','ROBIN-IEDR','2011-04-28 12:53:38','N'),('antnic.ie','ANTHONY NICHOLAS LIMITED','Body Corporate (Ltd,PLC,Company)','Corporate Name',00000122,'Active','2011-04-28','2011-03-04','2011-03-04','2011-04-28 11:53:40','N','Y','Y','Offline Payment Selected by NTG1-IEDR on April 28 2011 12:53 pm','CONSOLE','2011-04-29 10:27:17','N'),('independentsmerchants.ie','Independent Merchants Ltd','Body Corporate (Ltd,PLC,Company)','Corporate Name',00000600,'Active','2011-04-20','2002-03-06','2011-03-06','2011-04-20 08:30:46','N','M','Y','Suspended Via Console by INO1-IEDR on April 20 2011 9:30 am','Mail','2011-04-29 11:58:33','N'),('littlebird.ie','Little bird Television Ltd.','Body Corporate (Ltd,PLC,Company)','Corporate Name',00000600,'Active','2011-04-20','2000-01-21','2011-03-31','2011-04-20 08:30:46','N','M','','Suspended Via Console by INO1-IEDR on April 20 2011 9:30 am','Mail','2011-04-29 11:58:35','N'),('mgl.ie','Miller Group Limited','Body Corporate (Ltd,PLC,Company)','Corporate Name',00000600,'Active','2011-04-20','1999-03-05','2011-03-05','2011-04-20 08:30:46','N','M','Y','Suspended Via Console by INO1-IEDR on April 20 2011 9:30 am','Mail','2011-04-29 11:58:36','N'),('pdpar.ie','PROJECT DELIVERY PARTNERS LIMITED','Body Corporate (Ltd,PLC,Company)','Corporate Name',00000600,'Active','2011-04-20','2000-03-22','2011-03-22','2011-04-20 08:30:46','N','M','','Suspended Via Console by INO1-IEDR on April 20 2011 9:30 am','Mail','2011-04-29 11:58:38','N'),('rentokilpestcontrol.ie','Rentokil Initial Ltd','BODY CORPORATE (LTD,PLC,COMPANY)','REGISTERED BUSINESS NAME',00000600,'Active','2011-04-20','2006-03-01','2011-03-01','2011-04-20 08:30:46','N','M','Y','Suspended Via Console by INO1-IEDR on April 20 2011 9:30 am','Mail','2011-04-29 11:58:38','N'),('speko.ie','Speko Distributors','Body Corporate (Ltd,PLC,Company)','Corporate Name',00000600,'Active','2011-04-20','2001-03-08','2011-03-08','2011-04-20 08:30:46','N','M','Y','Suspended Via Console by INO1-IEDR on April 20 2011 9:30 am','Mail','2011-04-29 11:58:40','N'),('independentsmerchants.ie','Independent Merchants Ltd','Body Corporate (Ltd,PLC,Company)','Corporate Name',00000600,'Active','2011-04-20','2002-03-06','2011-03-06','2011-04-29 10:58:33','N','S','Y','Status set to Mailed','Suspend','2011-05-13 11:56:13','N'),('littlebird.ie','Little bird Television Ltd.','Body Corporate (Ltd,PLC,Company)','Corporate Name',00000600,'Active','2011-04-20','2000-01-21','2011-03-31','2011-04-29 10:58:35','N','S','','Status set to Mailed','Suspend','2011-05-13 11:56:14','N'),('mgl.ie','Miller Group Limited','Body Corporate (Ltd,PLC,Company)','Corporate Name',00000600,'Active','2011-04-20','1999-03-05','2011-03-05','2011-04-29 10:58:36','N','S','Y','Status set to Mailed','Suspend','2011-05-13 11:56:14','N'),('pdpar.ie','PROJECT DELIVERY PARTNERS LIMITED','Body Corporate (Ltd,PLC,Company)','Corporate Name',00000600,'Active','2011-04-20','2000-03-22','2011-03-22','2011-04-29 10:58:38','N','S','','Status set to Mailed','Suspend','2011-05-13 11:56:14','N'),('rentokilpestcontrol.ie','Rentokil Initial Ltd','BODY CORPORATE (LTD,PLC,COMPANY)','REGISTERED BUSINESS NAME',00000600,'Active','2011-04-20','2006-03-01','2011-03-01','2011-04-29 10:58:38','N','S','Y','Status set to Mailed','Suspend','2011-05-13 11:56:14','N'),('speko.ie','Speko Distributors','Body Corporate (Ltd,PLC,Company)','Corporate Name',00000600,'Active','2011-04-20','2001-03-08','2011-03-08','2011-04-29 10:58:40','N','S','Y','Status set to Mailed','Suspend','2011-05-13 11:56:14','N'),('independentsmerchants.ie','Independent Merchants Ltd','Body Corporate (Ltd,PLC,Company)','Corporate Name',00000600,'Deleted','2011-04-20','2002-03-06','2011-03-06','2011-05-27 10:56:03','N','D','Y','Status set to Deleteed','Delete','2011-05-27 11:56:03','N'),('littlebird.ie','Little bird Television Ltd.','Body Corporate (Ltd,PLC,Company)','Corporate Name',00000600,'Deleted','2011-04-20','2000-01-21','2011-03-31','2011-05-27 10:56:04','N','D','','Status set to Deleteed','Delete','2011-05-27 11:56:04','N'),('mgl.ie','Miller Group Limited','Body Corporate (Ltd,PLC,Company)','Corporate Name',00000600,'Deleted','2011-04-20','1999-03-05','2011-03-05','2011-05-27 10:56:04','N','D','Y','Status set to Deleteed','Delete','2011-05-27 11:56:04','N'),('pdpar.ie','PROJECT DELIVERY PARTNERS LIMITED','Body Corporate (Ltd,PLC,Company)','Corporate Name',00000600,'Deleted','2011-04-20','2000-03-22','2011-03-22','2011-05-27 10:56:04','N','D','','Status set to Deleteed','Delete','2011-05-27 11:56:04','N'),('rentokilpestcontrol.ie','Rentokil Initial Ltd','BODY CORPORATE (LTD,PLC,COMPANY)','REGISTERED BUSINESS NAME',00000600,'Deleted','2011-04-20','2006-03-01','2011-03-01','2011-05-27 10:56:05','N','D','Y','Status set to Deleteed','Delete','2011-05-27 11:56:05','N'),('speko.ie','Speko Distributors','Body Corporate (Ltd,PLC,Company)','Corporate Name',00000600,'Deleted','2011-04-20','2001-03-08','2011-03-08','2011-05-27 10:56:05','N','D','Y','Status set to Deleteed','Delete','2011-05-27 11:56:05','N');

